{"type":"FeatureCollection","features":[{"type":"Feature","geometry":{"type":"MultiPolygon","coordinates":[[[[120.9572309,14.2291875],[120.9574131,14.2288616],[120.9576046,14.2285906],[120.9579652,14.2279405],[120.9581652,14.2274567],[120.9583245,14.2269662],[120.9584554,14.2270279],[120.958557,14.2271379],[120.958689,14.2275477],[120.9587704,14.227877],[120.9587734,14.2281806],[120.9587489,14.228351],[120.9586544,14.2285864],[120.958586,14.2286821],[120.9585194,14.2287546],[120.9583681,14.2288895],[120.9580344,14.2291128],[120.957806,14.2291892],[120.9576131,14.2292407],[120.9574096,14.2292424],[120.9572309,14.2291875]]]]},"properties":{"highway":"residential"}},{"type":"Feature","geometry":{"type":"MultiPolygon","coordinates":[[[[120.9514019,14.2366623],[120.9518486,14.2362254],[120.9520495,14.2362694],[120.953785,14.2367577],[120.9536737,14.2371653],[120.9514019,14.2366623]]]]},"properties":{"highway":"residential"}},{"type":"Feature","geometry":{"type":"MultiPolygon","coordinates":[[[[120.985827,14.2679387],[120.9858434,14.2679006],[120.9858748,14.2678729],[120.9859154,14.2678607],[120.9859637,14.2678688],[120.9860019,14.2678984],[120.9860205,14.2679423],[120.9860174,14.2679824],[120.9859974,14.2680176],[120.9859642,14.2680417],[120.9859237,14.2680503],[120.9858822,14.2680414],[120.9858484,14.2680164],[120.9858288,14.2679798],[120.985827,14.2679387]]]]},"properties":{"access":"private","highway":"residential","junction":"roundabout","oneway":"yes","oneway:bicycle":"yes"}},{"type":"Feature","geometry":{"type":"MultiPolygon","coordinates":[[[[120.9200157,14.3179637],[120.9200367,14.3178261],[120.9200894,14.3176967],[120.9201712,14.3175824],[120.9202777,14.3174891],[120.9204033,14.3174217],[120.9205414,14.3173838],[120.9206795,14.3173771],[120.9208283,14.3174034],[120.9209662,14.3174636],[120.9211134,14.3175832],[120.9212163,14.3177404],[120.9212652,14.3179205],[120.921258,14.318094],[120.9212005,14.3182584],[120.9210972,14.3184003],[120.9209567,14.3185081],[120.9207905,14.318573],[120.920664,14.3185899],[120.9205365,14.3185816],[120.9204134,14.3185484],[120.9202897,14.3184853],[120.9201836,14.3183971],[120.9201002,14.3182883],[120.9200439,14.3181643],[120.9200213,14.3180664],[120.9200157,14.3179637]]]]},"properties":{"highway":"tertiary","junction":"roundabout","lanes":"2","maxspeed":"30","sidewalk":"right","surface":"concrete"}},{"type":"Feature","geometry":{"type":"MultiPolygon","coordinates":[[[[120.9232239,14.32331],[120.9234207,14.3228119],[120.9234409,14.3227942],[120.9234649,14.3227895],[120.9235542,14.3228046],[120.9237245,14.3228499],[120.9239275,14.3228794],[120.9241255,14.3228762],[120.9243339,14.3228215],[120.9243604,14.3228227],[120.9243786,14.3228339],[120.9245242,14.323029],[120.9248074,14.3233837],[120.9248054,14.3234279],[120.9247794,14.3234637],[120.9238281,14.3239184],[120.9232427,14.3233615],[120.9232279,14.3233348],[120.9232239,14.32331]]]]},"properties":{"highway":"residential"}},{"type":"Feature","geometry":{"type":"MultiPolygon","coordinates":[[[[120.9745719,14.2313063],[120.9746821,14.2304725],[120.9746964,14.2304378],[120.9747291,14.2304218],[120.9747988,14.2304244],[120.9748254,14.2304363],[120.9748444,14.2304673],[120.9748672,14.230622],[120.9749745,14.2309782],[120.9749939,14.2310636],[120.975004,14.2311511],[120.9750014,14.2312451],[120.9749772,14.2313005],[120.9749235,14.2313148],[120.9745719,14.2313063]]]]},"properties":{"highway":"residential"}},{"type":"Feature","geometry":{"type":"MultiPolygon","coordinates":[[[[120.9854299,14.275082],[120.9854374,14.2750619],[120.9854524,14.2750463],[120.9854726,14.2750378],[120.9854946,14.2750377],[120.9855148,14.275046],[120.98553,14.2750614],[120.9855377,14.2750814],[120.9855367,14.2751027],[120.9855282,14.2751202],[120.9855139,14.2751336],[120.9854955,14.2751411],[120.9854756,14.2751417],[120.9854557,14.2751347],[120.9854401,14.2751209],[120.985431,14.2751024],[120.9854299,14.275082]]]]},"properties":{"access":"private","highway":"residential","junction":"roundabout","oneway":"yes"}},{"type":"Feature","geometry":{"type":"MultiPolygon","coordinates":[[[[120.9594758,14.2262333],[120.9599783,14.2263087],[120.9610543,14.2264166],[120.9608705,14.2278172],[120.9608001,14.2283275],[120.9603976,14.2281722],[120.960096,14.2279364],[120.9598757,14.2276639],[120.9595823,14.2266274],[120.9594758,14.2262333]]]]},"properties":{"highway":"residential"}},{"type":"Feature","geometry":{"type":"MultiPolygon","coordinates":[[[[120.9593279,14.2255498],[120.9594174,14.2249787],[120.959465,14.2249564],[120.9596088,14.2249447],[120.9598408,14.2251199],[120.9597446,14.2256572],[120.9597166,14.2256963],[120.9593893,14.2257545],[120.959336,14.2256051],[120.9593279,14.2255498]]]]},"properties":{"highway":"residential"}},{"type":"Feature","geometry":{"type":"MultiPolygon","coordinates":[[[[120.9252192,14.2715332],[120.9252401,14.2714551],[120.9252842,14.2713866],[120.9253474,14.271334],[120.9254345,14.2712997],[120.9255285,14.2712958],[120.9256183,14.2713228],[120.9256936,14.2713775],[120.9257454,14.2714536],[120.9257678,14.2715421],[120.9257582,14.2716328],[120.9257176,14.271715],[120.9256509,14.2717792],[120.9255657,14.2718179],[120.9254721,14.2718266],[120.9253809,14.2718042],[120.9253028,14.2717534],[120.925252,14.2716895],[120.9252233,14.2716137],[120.9252192,14.2715332]]]]},"properties":{"highway":"unclassified","junction":"roundabout"}},{"type":"Feature","geometry":{"type":"MultiPolygon","coordinates":[[[[121.0087949,14.3631565],[121.0088203,14.3631075],[121.0089173,14.3630276],[121.0089555,14.3630198],[121.0092616,14.3630055],[121.0093239,14.3630462],[121.00933,14.3631597],[121.0093664,14.3639732],[121.0094137,14.3648092],[121.0093972,14.3648532],[121.009351,14.3648703],[121.0090488,14.3648598],[121.0089996,14.3648527],[121.0089921,14.3648049],[121.008997,14.3644551],[121.0090003,14.3641352],[121.0090049,14.3639758],[121.0089929,14.3637478],[121.0089554,14.3635911],[121.0088803,14.363382],[121.0087986,14.363208],[121.0087949,14.3631565]]]]},"properties":{"access":"private","highway":"residential","surface":"concrete"}},{"type":"Feature","geometry":{"type":"MultiPolygon","coordinates":[[[[120.9607381,14.2985481],[120.9607453,14.2985248],[120.9607598,14.298505],[120.9607801,14.2984907],[120.9608041,14.2984836],[120.960827,14.298484],[120.9608486,14.2984908],[120.9608672,14.2985035],[120.9608811,14.298521],[120.9608891,14.2985416],[120.9608906,14.2985637],[120.9608848,14.2985861],[120.9608722,14.2986058],[120.960854,14.2986207],[120.9608318,14.2986295],[120.960808,14.2986313],[120.9607848,14.2986258],[120.9607644,14.2986137],[120.9607483,14.2985951],[120.9607392,14.2985724],[120.9607381,14.2985481]]]]},"properties":{"access":"private","highway":"residential","junction":"roundabout","lanes":"1","maxspeed":"30","oneway":"yes","oneway:bicycle":"yes","smoothness":"good","surface":"concrete"}},{"type":"Feature","geometry":{"type":"MultiPolygon","coordinates":[[[[120.9569634,14.3085273],[120.9569694,14.3084905],[120.9569872,14.3084574],[120.9570165,14.3084305],[120.9570535,14.3084146],[120.9570937,14.3084116],[120.9571327,14.3084217],[120.957166,14.3084438],[120.9571897,14.3084754],[120.9572012,14.3085128],[120.9571993,14.3085517],[120.9571841,14.3085878],[120.9571585,14.3086162],[120.9571248,14.308635],[120.9570867,14.3086424],[120.9570481,14.3086375],[120.9570143,14.3086216],[120.9569873,14.3085963],[120.9569697,14.3085641],[120.9569634,14.3085273]]]]},"properties":{"access":"destination","cycleway:right":"lane","highway":"residential","junction":"roundabout","lanes":"1","maxspeed":"30","oneway":"yes","oneway:bicycle":"yes","smoothness":"intermediate","surface":"concrete"}},{"type":"Feature","geometry":{"type":"MultiPolygon","coordinates":[[[[120.9551103,14.3100348],[120.9551157,14.3099897],[120.9551354,14.3099485],[120.9551705,14.309913],[120.955216,14.3098911],[120.9552664,14.3098855],[120.9553159,14.3098966],[120.9553571,14.3099222],[120.9553875,14.3099593],[120.9554037,14.3100041],[120.955404,14.3100515],[120.9553882,14.3100964],[120.9553582,14.3101339],[120.9553172,14.3101598],[120.9552698,14.3101714],[120.955221,14.3101672],[120.955178,14.310149],[120.9551431,14.3101187],[120.9551197,14.3100793],[120.9551103,14.3100348]]]]},"properties":{"access":"destination","highway":"residential","junction":"roundabout","maxspeed":"30","name":"Bozen Circle","oneway":"yes","oneway:bicycle":"yes","smoothness":"good","surface":"concrete"}},{"type":"Feature","geometry":{"type":"MultiPolygon","coordinates":[[[[120.9573968,14.3064701],[120.9574109,14.3064287],[120.9574381,14.3063939],[120.9574755,14.3063697],[120.957519,14.3063585],[120.9575639,14.3063617],[120.9576052,14.3063788],[120.9576386,14.3064081],[120.9576603,14.3064463],[120.957668,14.3064893],[120.9576609,14.3065323],[120.9576421,14.3065675],[120.9576134,14.3065958],[120.9575774,14.3066145],[120.9575373,14.3066221],[120.9575,14.3066186],[120.9574652,14.3066054],[120.9574353,14.3065836],[120.9574127,14.3065548],[120.9573975,14.3065137],[120.9573968,14.3064701]]]]},"properties":{"access":"destination","cycleway:right":"lane","highway":"residential","junction":"roundabout","lanes":"1","maxspeed":"30","oneway":"yes","oneway:bicycle":"yes","smoothness":"intermediate","surface":"concrete"}},{"type":"Feature","geometry":{"type":"MultiPolygon","coordinates":[[[[120.9549238,14.3121178],[120.9549254,14.3120904],[120.9549397,14.3120345],[120.9549677,14.3119837],[120.9550078,14.3119412],[120.9550575,14.3119095],[120.9551136,14.3118907],[120.9551729,14.3118858],[120.9552315,14.3118953],[120.9552929,14.3119227],[120.955344,14.3119656],[120.9553807,14.3120207],[120.9554,14.3120835],[120.9554004,14.312149],[120.9553819,14.312212],[120.9553459,14.3122675],[120.9552954,14.3123111],[120.9552343,14.3123392],[120.9551793,14.3123491],[120.9551235,14.3123464],[120.9550699,14.3123313],[120.9550213,14.3123045],[120.9549804,14.3122675],[120.9549496,14.3122224],[120.9549303,14.3121716],[120.9549238,14.3121178]]]]},"properties":{"access":"destination","highway":"residential","junction":"roundabout","maxspeed":"30","name":"Veneto Circle","oneway":"yes","oneway:bicycle":"yes","smoothness":"good","surface":"concrete"}},{"type":"Feature","geometry":{"type":"MultiPolygon","coordinates":[[[[120.9543958,14.3044505],[120.954402,14.3044231],[120.9544154,14.3043983],[120.9544398,14.304374],[120.9544708,14.3043584],[120.9545053,14.3043531],[120.9545398,14.3043585],[120.9545707,14.3043741],[120.9545951,14.3043984],[120.9546103,14.3044289],[120.9546149,14.3044625],[120.9546084,14.3044957],[120.9545914,14.3045253],[120.954564,14.3045493],[120.9545299,14.3045631],[120.954493,14.3045652],[120.9544575,14.3045552],[120.9544274,14.3045345],[120.9544061,14.3045052],[120.9543972,14.3044785],[120.9543958,14.3044505]]]]},"properties":{"highway":"service","junction":"roundabout","lanes":"1","maxspeed":"20","oneway":"yes","oneway:bicycle":"yes"}},{"type":"Feature","geometry":{"type":"MultiPolygon","coordinates":[[[[120.9857443,14.3000748],[120.9857493,14.3000422],[120.9857646,14.3000128],[120.9857898,14.2999887],[120.9858218,14.2999738],[120.985857,14.2999697],[120.9858916,14.299977],[120.9859219,14.2999948],[120.9859449,14.3000216],[120.9859574,14.3000542],[120.9859582,14.3000891],[120.9859471,14.3001222],[120.9859253,14.3001499],[120.9858953,14.3001691],[120.9858605,14.3001777],[120.9858247,14.3001747],[120.9857919,14.3001604],[120.9857658,14.3001364],[120.9857499,14.3001073],[120.9857443,14.3000748]]]]},"properties":{"access":"private","highway":"residential","junction":"roundabout","lanes":"1","oneway":"yes","smoothness":"good","surface":"concrete"}},{"type":"Feature","geometry":{"type":"MultiPolygon","coordinates":[[[[120.9824937,14.2999792],[120.9825109,14.2998563],[120.9825482,14.2997266],[120.9825954,14.2996277],[120.9826433,14.2995491],[120.982701,14.2994941],[120.9827584,14.2994518],[120.9827911,14.2994469],[120.9828786,14.2994857],[120.9829241,14.299549],[120.9829583,14.2996048],[120.9829683,14.2996923],[120.9829757,14.299838],[120.9829488,14.2999692],[120.9828993,14.300107],[120.9828503,14.3001733],[120.9827903,14.3002123],[120.982716,14.3002286],[120.9826012,14.3002175],[120.9825195,14.3001954],[120.9825165,14.3000881],[120.9824937,14.2999792]]]]},"properties":{"highway":"residential","junction":"roundabout","lanes":"1","oneway":"yes","smoothness":"good","surface":"concrete"}},{"type":"Feature","geometry":{"type":"MultiPolygon","coordinates":[[[[120.9815792,14.2977619],[120.9815863,14.2977152],[120.9816172,14.2976651],[120.9816817,14.2976174],[120.9818416,14.2975669],[120.9819193,14.2975512],[120.9819962,14.2975621],[120.9820462,14.2975905],[120.9820891,14.297657],[120.9821463,14.2977903],[120.982175,14.2978782],[120.9822251,14.2979311],[120.9822891,14.2979794],[120.9826419,14.2981673],[120.98273,14.2982162],[120.9827758,14.2982604],[120.9828846,14.2984222],[120.9829052,14.2984842],[120.9829026,14.2985419],[120.9828674,14.2986135],[120.982551,14.2987948],[120.9820698,14.2990547],[120.9819968,14.2990909],[120.981934,14.2990938],[120.9818854,14.29908],[120.9818266,14.2990368],[120.9818013,14.2989984],[120.9817877,14.2989545],[120.9817922,14.2984681],[120.981799,14.2983625],[120.9817792,14.2982612],[120.9816043,14.2978301],[120.9815792,14.2977619]]]]},"properties":{"fixme":"name","highway":"residential","lanes":"2","noname":"yes","surface":"concrete"}},{"type":"Feature","geometry":{"type":"MultiPolygon","coordinates":[[[[120.973616,14.2150468],[120.9736218,14.2146984],[120.9736271,14.2143864],[120.9736326,14.2140829],[120.9736375,14.2137624],[120.9741169,14.2137852],[120.974139,14.213798],[120.9741504,14.2138162],[120.9741319,14.2140784],[120.9741197,14.214392],[120.9740996,14.214704],[120.9740796,14.2150448],[120.9738359,14.2150416],[120.973616,14.2150468]]]]},"properties":{"highway":"residential"}},{"type":"Feature","geometry":{"type":"MultiPolygon","coordinates":[[[[120.9757618,14.2590073],[120.9758077,14.2587056],[120.9758797,14.2582326],[120.9759172,14.2581339],[120.9759683,14.2580663],[120.9760514,14.2580402],[120.9761426,14.2580325],[120.9773308,14.2583107],[120.9775186,14.2586486],[120.97754,14.2587942],[120.9775078,14.2589813],[120.9773576,14.2591893],[120.9771752,14.2593193],[120.9757618,14.2590073]]]]},"properties":{"highway":"service","oneway":"yes"}},{"type":"Feature","geometry":{"type":"MultiPolygon","coordinates":[[[[120.9665594,14.2575046],[120.9665653,14.2574841],[120.9665774,14.2574664],[120.9665945,14.257453],[120.966615,14.2574453],[120.9666306,14.2574437],[120.9666462,14.2574454],[120.966661,14.2574504],[120.9666743,14.2574584],[120.9666891,14.2574737],[120.9666985,14.2574926],[120.9667016,14.2575133],[120.9666982,14.257534],[120.9666885,14.2575528],[120.9666684,14.2575713],[120.9666426,14.257581],[120.966615,14.2575804],[120.9665897,14.2575698],[120.9665705,14.2575507],[120.9665601,14.2575259],[120.9665594,14.2575046]]]]},"properties":{"highway":"service","junction":"roundabout","lanes":"1","oneway":"yes"}},{"type":"Feature","geometry":{"type":"MultiPolygon","coordinates":[[[[120.9680486,14.25782],[120.9680933,14.2577645],[120.9681608,14.2577627],[120.9682068,14.257811],[120.9682065,14.2578678],[120.9681727,14.2579092],[120.9680968,14.257915],[120.9680505,14.2578647],[120.9680486,14.25782]]]]},"properties":{"highway":"track"}},{"type":"Feature","geometry":{"type":"MultiPolygon","coordinates":[[[[120.9212711,14.320434],[120.9214908,14.3204256],[120.9216964,14.3204007],[120.9219736,14.3202888],[120.9224037,14.3200637],[120.9226001,14.3199268],[120.9234559,14.3193303],[120.9236651,14.3196265],[120.9235565,14.3198155],[120.9233315,14.319988],[120.9231016,14.3201375],[120.9229134,14.3202895],[120.9225093,14.3205698],[120.9221601,14.3207329],[120.9219539,14.320801],[120.9215622,14.3208893],[120.9212817,14.3209177],[120.9212711,14.320434]]]]},"properties":{"highway":"residential"}},{"type":"Feature","geometry":{"type":"MultiPolygon","coordinates":[[[[120.9808341,14.3252441],[120.9808434,14.3251608],[120.9808752,14.3250828],[120.9809272,14.3250159],[120.981014,14.3249553],[120.9811165,14.3249255],[120.9812234,14.3249298],[120.9812996,14.3249554],[120.9813668,14.3249984],[120.9814358,14.325081],[120.9814666,14.3251505],[120.9814759,14.32519],[120.9814763,14.3252789],[120.9814509,14.3253643],[120.9814017,14.3254393],[120.9813327,14.3254978],[120.9812414,14.3255375],[120.981142,14.3255481],[120.981044,14.3255288],[120.9809568,14.3254812],[120.9809151,14.3254417],[120.9808559,14.3253473],[120.9808341,14.3252441]]]]},"properties":{"highway":"secondary","junction":"roundabout","lanes":"2","name":"San Marino Circle","oneway":"yes","smoothness":"intermediate","surface":"concrete"}},{"type":"Feature","geometry":{"type":"MultiPolygon","coordinates":[[[[120.9655988,14.3114736],[120.9656216,14.3111929],[120.9656175,14.3110422],[120.9656444,14.3109253],[120.9658612,14.3109622],[120.966508,14.3111176],[120.9664071,14.3113146],[120.9663284,14.3115308],[120.965827,14.311492],[120.9655988,14.3114736]]]]},"properties":{"highway":"residential"}},{"type":"Feature","geometry":{"type":"MultiPolygon","coordinates":[[[[120.9595225,14.3433611],[120.9595627,14.3432621],[120.9596523,14.3431145],[120.9598079,14.3430124],[120.9599739,14.3429419],[120.9601102,14.3429219],[120.9604564,14.3429386],[120.9611623,14.3430019],[120.9612427,14.3430175],[120.9613287,14.3430462],[120.9615891,14.343188],[120.9613257,14.3434406],[120.9610927,14.3435374],[120.9608595,14.3435906],[120.9604357,14.3436256],[120.9596978,14.3436254],[120.9596403,14.3436205],[120.959588,14.3435997],[120.9595424,14.3435556],[120.959524,14.3434946],[120.9595225,14.3433611]]]]},"properties":{"access":"private","highway":"residential"}},{"type":"Feature","geometry":{"type":"MultiPolygon","coordinates":[[[[120.9590469,14.3431768],[120.959166,14.3428853],[120.9593792,14.3426826],[120.9596644,14.3425428],[120.9599691,14.342449],[120.9604902,14.3424802],[120.9612342,14.3425397],[120.9614372,14.3425964],[120.9615594,14.3426408],[120.9619475,14.3428611],[120.9624013,14.3431103],[120.9627153,14.3432799],[120.9627528,14.3433397],[120.9627475,14.3434124],[120.9625129,14.3439471],[120.962458,14.3440259],[120.9623587,14.3440649],[120.9622057,14.3440799],[120.961932,14.3440855],[120.9616934,14.3440465],[120.9616108,14.3440001],[120.961436,14.3439801],[120.9612485,14.3439702],[120.961086,14.3439928],[120.9609318,14.3440493],[120.9607035,14.3440864],[120.9604535,14.3440796],[120.9602158,14.3440918],[120.9595424,14.3440909],[120.9594729,14.3440715],[120.9592769,14.3439168],[120.9592138,14.3438348],[120.9590574,14.3434362],[120.9590469,14.3431768]]]]},"properties":{"access":"private","highway":"residential","name":"Mustard Circle"}},{"type":"Feature","geometry":{"type":"MultiPolygon","coordinates":[[[[120.9201524,14.3055833],[120.9201568,14.3055558],[120.9201698,14.305531],[120.920191,14.3055107],[120.9202178,14.3054979],[120.9202474,14.3054942],[120.9202766,14.3054999],[120.9203025,14.3055143],[120.9203222,14.305536],[120.9203337,14.3055627],[120.9203357,14.3055915],[120.9203281,14.3056195],[120.9203137,14.3056414],[120.9202934,14.3056584],[120.9202689,14.3056689],[120.9202423,14.3056722],[120.9202159,14.3056678],[120.9201903,14.3056552],[120.92017,14.3056356],[120.9201569,14.3056108],[120.9201524,14.3055833]]]]},"properties":{"access":"private","highway":"residential","junction":"circular"}},{"type":"Feature","geometry":{"type":"MultiPolygon","coordinates":[[[[120.947449,14.3288158],[120.9474523,14.3288035],[120.9475631,14.3286352],[120.9476614,14.3284917],[120.9479792,14.3286671],[120.9482235,14.328823],[120.9482315,14.3288574],[120.9482301,14.3288854],[120.9481249,14.3290631],[120.9480203,14.3292564],[120.9476596,14.3290848],[120.9474509,14.3288273],[120.947449,14.3288158]]]]},"properties":{"highway":"residential"}},{"type":"Feature","geometry":{"type":"MultiPolygon","coordinates":[[[[120.9958443,14.3154442],[120.9958837,14.3149792],[120.9961098,14.3149854],[120.9963652,14.3150063],[120.9963131,14.3153544],[120.9960754,14.3153956],[120.9958443,14.3154442]]]]},"properties":{"access":"private","highway":"residential"}},{"type":"Feature","geometry":{"type":"MultiPolygon","coordinates":[[[[120.9632279,14.2394121],[120.9632545,14.2393116],[120.9633075,14.2392226],[120.9633978,14.2391413],[120.9635086,14.2390915],[120.9636299,14.2390774],[120.9637497,14.2391004],[120.9638563,14.2391583],[120.9639391,14.2392453],[120.9639901,14.2393528],[120.9640043,14.2394395],[120.9639954,14.2395364],[120.9639613,14.2396279],[120.9639042,14.2397079],[120.9638442,14.2397602],[120.9637743,14.2397994],[120.9636976,14.2398239],[120.9636174,14.2398324],[120.9635339,14.2398242],[120.9634542,14.2397988],[120.9633819,14.2397574],[120.9633204,14.239702],[120.9632621,14.239615],[120.9632305,14.2395158],[120.9632279,14.2394121]]]]},"properties":{"highway":"tertiary","junction":"roundabout","lanes":"2","oneway":"yes","oneway:bicycle":"yes","surface":"concrete"}},{"type":"Feature","geometry":{"type":"MultiPolygon","coordinates":[[[[120.9740943,14.3388452],[120.9740994,14.3388177],[120.9741202,14.3387955],[120.9743017,14.3387447],[120.9744964,14.3386708],[120.9745259,14.3386695],[120.9745466,14.3386909],[120.975063,14.3401585],[120.9750612,14.3401689],[120.9750563,14.3401754],[120.9748464,14.3402447],[120.9746409,14.340319],[120.974621,14.3403171],[120.9746104,14.3403021],[120.9743518,14.3395948],[120.9740943,14.3388452]]]]},"properties":{"highway":"residential"}},{"type":"Feature","geometry":{"type":"MultiPolygon","coordinates":[[[[121.0124966,14.2874064],[121.0141676,14.2849995],[121.0142595,14.2849073],[121.01436,14.2848806],[121.0144915,14.2849138],[121.01562,14.2857306],[121.0156529,14.2857832],[121.0156421,14.2858489],[121.0156146,14.2859067],[121.0142257,14.2877503],[121.0137969,14.2883194],[121.0133477,14.2880109],[121.0124966,14.2874064]]]]},"properties":{"access":"private","highway":"service","lanes":"2","lanes:backward":"1","lanes:forward":"1","maxspeed":"20","smoothness":"intermediate","surface":"concrete"}},{"type":"Feature","geometry":{"type":"MultiPolygon","coordinates":[[[[120.9243968,14.2995095],[120.9244095,14.2994641],[120.9244354,14.2994267],[120.924472,14.299399],[120.9245158,14.2993838],[120.924558,14.2993821],[120.924599,14.2993922],[120.9246454,14.2994219],[120.924677,14.2994662],[120.9246894,14.2995196],[120.9246801,14.2995736],[120.9246504,14.2996201],[120.9246048,14.2996524],[120.92455,14.2996655],[120.9244941,14.2996576],[120.9244516,14.2996349],[120.924419,14.2995999],[120.9244001,14.2995565],[120.9243968,14.2995095]]]]},"properties":{"access":"private","highway":"residential","junction":"roundabout","oneway":"yes","oneway:bicycle":"yes","smoothness":"good","surface":"concrete"}},{"type":"Feature","geometry":{"type":"MultiPolygon","coordinates":[[[[120.9833525,14.2917107],[120.9833697,14.291672],[120.9834096,14.2916556],[120.9834503,14.2916704],[120.9834692,14.2917109],[120.9834521,14.2917522],[120.9834094,14.2917687],[120.9833676,14.2917501],[120.9833525,14.2917107]]]]},"properties":{"access":"private","highway":"residential","junction":"roundabout","lanes":"1","oneway":"yes","smoothness":"good","surface":"concrete"}},{"type":"Feature","geometry":{"type":"MultiPolygon","coordinates":[[[[120.9844841,14.2912876],[120.9844945,14.2912419],[120.984535,14.2912165],[120.9845823,14.2912259],[120.9846093,14.2912656],[120.9845991,14.2913121],[120.9845577,14.2913378],[120.9845099,14.2913272],[120.9844841,14.2912876]]]]},"properties":{"access":"private","highway":"residential","junction":"roundabout","lanes":"1","oneway":"yes","smoothness":"good","surface":"concrete"}},{"type":"Feature","geometry":{"type":"MultiPolygon","coordinates":[[[[120.9819161,14.2949016],[120.9819221,14.2948832],[120.9819337,14.2948677],[120.9819497,14.2948565],[120.9819686,14.2948507],[120.9819884,14.294851],[120.9820052,14.2948563],[120.9820198,14.2948661],[120.982031,14.2948794],[120.9820378,14.2948952],[120.9820397,14.2949123],[120.9820356,14.2949319],[120.9820251,14.294949],[120.9820094,14.294962],[120.9819902,14.2949692],[120.9819705,14.2949701],[120.9819514,14.2949648],[120.981935,14.2949541],[120.9819229,14.2949389],[120.9819164,14.2949207],[120.9819161,14.2949016]]]]},"properties":{"access":"private","highway":"residential","junction":"roundabout","lanes":"1","oneway":"yes","smoothness":"good","surface":"concrete"}},{"type":"Feature","geometry":{"type":"MultiPolygon","coordinates":[[[[120.9853493,14.3022481],[120.9853654,14.3021414],[120.9853861,14.3020993],[120.9854153,14.3020481],[120.9854506,14.3020087],[120.9855082,14.30197],[120.9855626,14.3019746],[120.9856089,14.3019946],[120.9856434,14.3020398],[120.9856669,14.3020859],[120.9856843,14.3021339],[120.9856878,14.302188],[120.985685,14.3022404],[120.9856781,14.3022851],[120.9856643,14.3023314],[120.9856446,14.3023758],[120.9856208,14.3024124],[120.9855866,14.3024393],[120.9855504,14.3024604],[120.9855088,14.3024649],[120.9854538,14.3024568],[120.9854022,14.3024106],[120.9853764,14.3023629],[120.9853545,14.3023094],[120.9853493,14.3022481]]]]},"properties":{"access":"private","highway":"residential","junction":"roundabout","lanes":"1","oneway":"yes","oneway:bicycle":"yes","smoothness":"good","surface":"concrete"}},{"type":"Feature","geometry":{"type":"MultiPolygon","coordinates":[[[[120.9856597,14.3054952],[120.9856704,14.3054691],[120.9856926,14.305451],[120.9857215,14.3054453],[120.9857498,14.3054538],[120.9857702,14.3054745],[120.9857779,14.3055021],[120.9857734,14.3055245],[120.9857604,14.3055434],[120.9857408,14.3055559],[120.9857178,14.3055601],[120.9856948,14.3055553],[120.9856756,14.3055423],[120.9856631,14.3055231],[120.9856597,14.3054952]]]]},"properties":{"access":"private","highway":"residential","junction":"roundabout","lanes":"1","oneway":"yes","smoothness":"good","surface":"concrete"}},{"type":"Feature","geometry":{"type":"MultiPolygon","coordinates":[[[[120.9875815,14.3056072],[120.9876061,14.3055719],[120.9876479,14.3055587],[120.9876964,14.30558],[120.9877139,14.3056287],[120.9876898,14.3056742],[120.9876392,14.305689],[120.987591,14.3056609],[120.9875815,14.3056072]]]]},"properties":{"access":"private","highway":"residential","name":"1st Road","oneway":"yes"}},{"type":"Feature","geometry":{"type":"MultiPolygon","coordinates":[[[[120.9542191,14.35212],[120.9542236,14.3520749],[120.9542404,14.3520386],[120.9542638,14.3520138],[120.9543,14.3519917],[120.9543561,14.3519728],[120.9556294,14.35182],[120.9556358,14.3519672],[120.9556141,14.3520712],[120.9554875,14.3521989],[120.9549752,14.3525641],[120.9547815,14.3526531],[120.9546466,14.3527018],[120.9544951,14.3527438],[120.9544288,14.3527531],[120.9543939,14.3527518],[120.9543686,14.3527392],[120.9543456,14.352718],[120.9543309,14.352692],[120.9542191,14.35212]]]]},"properties":{"access":"private","highway":"residential","name":"Cosmos Street"}},{"type":"Feature","geometry":{"type":"MultiPolygon","coordinates":[[[[120.9670103,14.3408809],[120.9672279,14.3402924],[120.9672645,14.3402514],[120.9673114,14.340228],[120.9673744,14.3402189],[120.9674361,14.3402267],[120.9681158,14.3402914],[120.9687571,14.3403575],[120.9687712,14.3403731],[120.9687738,14.3403955],[120.9687682,14.3404163],[120.9683381,14.3408027],[120.968093,14.3412725],[120.9674422,14.3410646],[120.9670103,14.3408809]]]]},"properties":{"access":"private","fixme":"name","highway":"residential","noname":"yes"}},{"type":"Feature","geometry":{"type":"MultiPolygon","coordinates":[[[[120.989115,14.3320467],[120.9891201,14.3320016],[120.9891476,14.3319513],[120.9891841,14.3319214],[120.9892289,14.3319051],[120.9892767,14.3319042],[120.989322,14.3319189],[120.9893654,14.3319541],[120.989391,14.332003],[120.9893945,14.3320578],[120.9893755,14.3321094],[120.9893395,14.3321479],[120.9892912,14.3321705],[120.9892377,14.3321739],[120.9891868,14.3321577],[120.9891503,14.3321293],[120.9891255,14.3320909],[120.989115,14.3320467]]]]},"properties":{"highway":"residential","junction":"roundabout","oneway":"yes","oneway:bicycle":"yes","parking:both:restriction":"no_stopping","smoothness":"excellent","surface":"concrete"}},{"type":"Feature","geometry":{"type":"MultiPolygon","coordinates":[[[[120.9840115,14.3619207],[120.9840154,14.3618901],[120.9840294,14.3618623],[120.9840508,14.3618414],[120.9840778,14.3618279],[120.9841078,14.3618233],[120.9841308,14.361826],[120.9841525,14.361834],[120.9841717,14.3618467],[120.9841918,14.3618709],[120.9842027,14.3619002],[120.984203,14.3619313],[120.9841928,14.3619608],[120.9841731,14.3619854],[120.9841514,14.3619999],[120.9841265,14.3620083],[120.9841002,14.3620098],[120.9840757,14.3620047],[120.9840533,14.3619937],[120.9840346,14.3619774],[120.9840181,14.361951],[120.9840115,14.3619207]]]]},"properties":{"access":"private","highway":"residential","junction":"roundabout","lanes":"1","maxspeed":"30","oneway":"yes","oneway:bicycle":"yes","smoothness":"intermediate","source":"Bing"}},{"type":"Feature","geometry":{"type":"MultiPolygon","coordinates":[[[[120.9290484,14.3396131],[120.9290994,14.3394355],[120.9291475,14.3392681],[120.9292034,14.3390731],[120.9295203,14.3391717],[120.9297073,14.3392191],[120.929996,14.3393895],[120.9298302,14.3398546],[120.9290484,14.3396131]]]]},"properties":{"access":"destination","highway":"service"}},{"type":"Feature","geometry":{"type":"MultiPolygon","coordinates":[[[[120.9622802,14.3450921],[120.9627881,14.3450577],[120.9628858,14.3450692],[120.9629552,14.3451123],[120.9630574,14.3452797],[120.9630528,14.3453412],[120.9627876,14.3457294],[120.9627329,14.3457332],[120.9626645,14.3456851],[120.9624533,14.3454737],[120.9623487,14.3452555],[120.9622802,14.3450921]]]]},"properties":{"access":"private","highway":"residential"}},{"type":"Feature","geometry":{"type":"MultiPolygon","coordinates":[[[[120.9623379,14.3521584],[120.9623424,14.3521368],[120.9623542,14.3521179],[120.9623802,14.3521005],[120.9624026,14.3520963],[120.9624281,14.352101],[120.9624475,14.3521127],[120.9624615,14.3521301],[120.9624672,14.3521445],[120.9624688,14.3521665],[120.9624625,14.3521878],[120.9624491,14.3522056],[120.9624222,14.3522209],[120.9623996,14.3522234],[120.9623774,14.3522183],[120.9623532,14.3522008],[120.9623418,14.3521816],[120.9623379,14.3521584]]]]},"properties":{"access":"private","highway":"service"}},{"type":"Feature","geometry":{"type":"MultiPolygon","coordinates":[[[[120.9606868,14.3525077],[120.9606899,14.3524412],[120.9607031,14.3523768],[120.960713,14.3523409],[120.960737,14.3522955],[120.9607705,14.3522659],[120.9608217,14.3522532],[120.9608634,14.3522799],[120.9608859,14.3523125],[120.9609002,14.3523559],[120.9608699,14.3525239],[120.9608491,14.3525522],[120.9608199,14.3525773],[120.9607609,14.3525851],[120.960708,14.3525544],[120.9606868,14.3525077]]]]},"properties":{"access":"private","highway":"service"}},{"type":"Feature","geometry":{"type":"MultiPolygon","coordinates":[[[[120.949559,14.3118425],[120.9496259,14.3117544],[120.9499463,14.3114163],[120.9500809,14.3113077],[120.9502123,14.3112797],[120.950302,14.3113232],[120.9508801,14.3118425],[120.9509756,14.3118927],[120.951066,14.3119047],[120.9514771,14.3116268],[120.9523687,14.3107645],[120.9531291,14.31001],[120.9531696,14.3099772],[120.9532369,14.3099772],[120.9532913,14.3100176],[120.9535575,14.3102645],[120.9542261,14.3108614],[120.9546953,14.3112816],[120.9547006,14.3113476],[120.9546705,14.3113898],[120.9543942,14.3116644],[120.9534039,14.3127327],[120.9532615,14.3128947],[120.9531782,14.3129475],[120.9530973,14.312955],[120.9522596,14.3138475],[120.9521945,14.3139052],[120.9521314,14.3139296],[120.952066,14.3139343],[120.9520027,14.3139322],[120.9519169,14.3139166],[120.951848,14.3139012],[120.9517687,14.3138792],[120.9516969,14.3138516],[120.9516191,14.3138126],[120.9511793,14.3134327],[120.9502765,14.3126107],[120.9501195,14.3124654],[120.9497597,14.3121325],[120.9496128,14.3119965],[120.9495729,14.3119252],[120.949559,14.3118425]]]]},"properties":{"access":"private","highway":"service","maxspeed":"15"}},{"type":"Feature","geometry":{"type":"MultiPolygon","coordinates":[[[[120.9347984,14.3386718],[120.9348058,14.3385743],[120.9348091,14.3385109],[120.9349117,14.3385298],[120.9350726,14.3385636],[120.9350676,14.3387625],[120.9350472,14.3388271],[120.9349906,14.3388596],[120.9349104,14.3388542],[120.9348378,14.3388066],[120.9348058,14.3387496],[120.9347984,14.3386718]]]]},"properties":{"access":"private","highway":"residential"}},{"type":"Feature","geometry":{"type":"MultiPolygon","coordinates":[[[[120.9343388,14.3411055],[120.9343489,14.3410707],[120.9343746,14.3410332],[120.9343997,14.3410132],[120.9344427,14.340996],[120.9344844,14.3409935],[120.9345467,14.3410153],[120.9345801,14.3410466],[120.9346021,14.3410935],[120.9346019,14.3411524],[120.9345836,14.3411938],[120.9345495,14.3412282],[120.9345076,14.3412477],[120.9344623,14.3412521],[120.9344172,14.3412413],[120.9343863,14.3412227],[120.9343561,14.3411884],[120.9343408,14.3411506],[120.9343388,14.3411055]]]]},"properties":{"access":"private","highway":"residential","junction":"roundabout"}},{"type":"Feature","geometry":{"type":"MultiPolygon","coordinates":[[[[120.9242414,14.3535007],[120.9242453,14.3534853],[120.9242542,14.353472],[120.9242669,14.3534621],[120.9242823,14.3534567],[120.9242986,14.3534563],[120.9243142,14.353461],[120.9243274,14.3534703],[120.9243343,14.3534785],[120.9243392,14.3534881],[120.9243422,14.3535038],[120.9243398,14.3535196],[120.9243322,14.353534],[120.9243203,14.353545],[120.9243052,14.3535519],[120.9242889,14.3535536],[120.9242727,14.35355],[120.9242586,14.3535416],[120.9242485,14.35353],[120.9242426,14.3535159],[120.9242414,14.3535007]]]]},"properties":{"access":"private","highway":"tertiary","junction":"circular","oneway":"yes"}},{"type":"Feature","geometry":{"type":"MultiPolygon","coordinates":[[[[120.9805999,14.3554966],[120.9806024,14.3554574],[120.9806134,14.3554197],[120.9806426,14.3553716],[120.9806587,14.3553575],[120.9806852,14.3553342],[120.9807374,14.3553108],[120.9807945,14.3553035],[120.9808512,14.3553131],[120.9809024,14.3553386],[120.9809198,14.3553552],[120.9809434,14.3553777],[120.9809639,14.355411],[120.9809767,14.3554477],[120.9809813,14.3554824],[120.980979,14.3555173],[120.98097,14.3555512],[120.9809546,14.3555828],[120.9809142,14.3556291],[120.9808606,14.3556603],[120.9807994,14.355673],[120.9807372,14.3556659],[120.9806808,14.3556396],[120.9806463,14.3556094],[120.9806203,14.355572],[120.980606,14.3555353],[120.9805999,14.3554966]]]]},"properties":{"cycleway:right":"lane","highway":"secondary","junction":"roundabout","lanes":"2","smoothness":"good","source":"Bing","surface":"concrete"}},{"type":"Feature","geometry":{"type":"MultiPolygon","coordinates":[[[[120.9854685,14.3589327],[120.9855913,14.3589283],[120.9856202,14.3589413],[120.9856328,14.3589628],[120.9856356,14.3590871],[120.9856296,14.359107],[120.9856074,14.3591297],[120.9855236,14.3591336],[120.9854927,14.3591201],[120.9854794,14.3590953],[120.9854685,14.3589327]]]]},"properties":{"access":"private","highway":"service"}},{"type":"Feature","geometry":{"type":"MultiPolygon","coordinates":[[[[120.9849774,14.3600243],[120.9849783,14.359866],[120.9849838,14.3598462],[120.9850053,14.3598332],[120.9850844,14.3598358],[120.9851119,14.3598482],[120.9851207,14.3598673],[120.9851198,14.3599868],[120.9851018,14.3600067],[120.985075,14.3600132],[120.9849774,14.3600243]]]]},"properties":{"access":"private","highway":"service"}},{"type":"Feature","geometry":{"type":"MultiPolygon","coordinates":[[[[120.9849755,14.3590979],[120.9849836,14.3589175],[120.9850904,14.3589322],[120.9851173,14.358942],[120.9851312,14.35897],[120.9851339,14.3590984],[120.9851253,14.3591187],[120.9850958,14.3591343],[120.985014,14.3591284],[120.9849865,14.3591187],[120.9849755,14.3590979]]]]},"properties":{"access":"private","highway":"service"}},{"type":"Feature","geometry":{"type":"MultiPolygon","coordinates":[[[[120.9859779,14.3590957],[120.9859874,14.3589688],[120.985991,14.3589478],[120.9860044,14.3589316],[120.9860405,14.3589063],[120.9860976,14.3589212],[120.9861283,14.3589473],[120.9861432,14.3589822],[120.9861436,14.3591047],[120.9861298,14.359131],[120.9861003,14.3591472],[120.9860111,14.3591421],[120.9859836,14.3591219],[120.9859779,14.3590957]]]]},"properties":{"access":"private","highway":"service"}},{"type":"Feature","geometry":{"type":"MultiPolygon","coordinates":[[[[120.9854901,14.3605188],[120.9855115,14.3604939],[120.9855411,14.360482],[120.9855967,14.360488],[120.9856175,14.3604997],[120.9856274,14.3605159],[120.9856361,14.3606496],[120.9856282,14.3606725],[120.9856068,14.3606842],[120.9855417,14.3606855],[120.9855089,14.3606738],[120.9854974,14.3606518],[120.9854901,14.3605188]]]]},"properties":{"access":"private","highway":"service"}},{"type":"Feature","geometry":{"type":"MultiPolygon","coordinates":[[[[120.9859628,14.3605063],[120.9859736,14.3604854],[120.985997,14.3604711],[120.9860412,14.3604585],[120.9860882,14.360475],[120.9861103,14.3604874],[120.9861232,14.3605166],[120.9861323,14.3606658],[120.9861224,14.3606927],[120.9860956,14.3607082],[120.9860077,14.3607069],[120.9859816,14.3606927],[120.9859685,14.3606711],[120.9859628,14.3605063]]]]},"properties":{"access":"private","highway":"service"}},{"type":"Feature","geometry":{"type":"MultiPolygon","coordinates":[[[[120.9844594,14.3590115],[120.9844661,14.3589881],[120.9844858,14.3589719],[120.9845507,14.3589587],[120.9845936,14.3589595],[120.9846204,14.3589751],[120.9846285,14.3590066],[120.9846394,14.3591],[120.9846318,14.3591252],[120.984611,14.3591414],[120.984499,14.359144],[120.9844775,14.3591343],[120.9844672,14.3591167],[120.9844594,14.3590115]]]]},"properties":{"access":"private","highway":"service"}},{"type":"Feature","geometry":{"type":"MultiPolygon","coordinates":[[[[120.9844907,14.3598596],[120.9845037,14.3598417],[120.9845312,14.3598306],[120.9846177,14.359828],[120.9846398,14.359841],[120.9846486,14.3598619],[120.9846266,14.3599968],[120.9846204,14.3600093],[120.9846043,14.3600223],[120.9845553,14.3600318],[120.9845265,14.360021],[120.9845098,14.3600037],[120.9845024,14.3599878],[120.9844907,14.3598596]]]]},"properties":{"access":"private","highway":"service"}},{"type":"Feature","geometry":{"type":"MultiPolygon","coordinates":[[[[120.9866887,14.3605151],[120.9867074,14.3604032],[120.9867226,14.3603919],[120.9867454,14.3603834],[120.9868971,14.3603821],[120.986915,14.3603984],[120.9869237,14.3604192],[120.986928,14.3604934],[120.9869163,14.3605166],[120.9868868,14.3605283],[120.9866887,14.3605151]]]]},"properties":{"access":"private","highway":"service"}},{"type":"Feature","geometry":{"type":"MultiPolygon","coordinates":[[[[120.9868467,14.3584606],[120.9868493,14.3582813],[120.986862,14.3582696],[120.9868828,14.3582599],[120.9869579,14.3582586],[120.9869794,14.3582683],[120.9869923,14.3582814],[120.9869918,14.3584249],[120.9869787,14.3584457],[120.9869485,14.358458],[120.9868467,14.3584606]]]]},"properties":{"access":"private","highway":"service"}},{"type":"Feature","geometry":{"type":"MultiPolygon","coordinates":[[[[120.984812,14.3614751],[120.9848229,14.3612982],[120.984843,14.3612708],[120.9848738,14.3612487],[120.9849241,14.3612481],[120.9849583,14.361263],[120.9849765,14.3612855],[120.9849783,14.3614234],[120.9849563,14.3614455],[120.9849221,14.3614611],[120.984812,14.3614751]]]]},"properties":{"access":"private","highway":"service"}},{"type":"Feature","geometry":{"type":"MultiPolygon","coordinates":[[[[120.9873518,14.3582926],[120.9873569,14.3582696],[120.987375,14.3582592],[120.9874474,14.3582553],[120.9874763,14.3582644],[120.9874892,14.3582888],[120.9874731,14.3584666],[120.9873877,14.3584574],[120.9873649,14.3584489],[120.9873518,14.358436],[120.9873518,14.3582926]]]]},"properties":{"access":"private","highway":"service"}},{"type":"Feature","geometry":{"type":"MultiPolygon","coordinates":[[[[120.9866938,14.3598845],[120.9868875,14.3598891],[120.9869224,14.359904],[120.9869385,14.3599309],[120.9869276,14.3600111],[120.986915,14.3600304],[120.9868895,14.360043],[120.9867668,14.3600392],[120.9867379,14.360025],[120.9867232,14.3599956],[120.9866938,14.3598845]]]]},"properties":{"access":"private","highway":"service"}},{"type":"Feature","geometry":{"type":"MultiPolygon","coordinates":[[[[120.98669,14.3590494],[120.9866984,14.3589743],[120.9867118,14.3589517],[120.9867387,14.3589452],[120.9868869,14.3589469],[120.9869049,14.3589524],[120.986915,14.3589725],[120.9869068,14.3590548],[120.9868956,14.3590693],[120.9868634,14.3590784],[120.9867246,14.3590719],[120.9867038,14.3590628],[120.98669,14.3590494]]]]},"properties":{"access":"private","highway":"service"}},{"type":"Feature","geometry":{"type":"MultiPolygon","coordinates":[[[[120.9866991,14.3594668],[120.9867259,14.359435],[120.9867366,14.3594227],[120.986754,14.3594135],[120.9868931,14.3594174],[120.986909,14.3594263],[120.9869187,14.3594396],[120.9869262,14.3595174],[120.986915,14.3595468],[120.9868848,14.3595591],[120.9867341,14.3595437],[120.9867179,14.3595312],[120.9867071,14.3595117],[120.9866991,14.3594668]]]]},"properties":{"access":"private","highway":"service","source":"Bing"}},{"type":"Feature","geometry":{"type":"MultiPolygon","coordinates":[[[[120.9783905,14.2404002],[120.9783945,14.2403716],[120.9784056,14.2403439],[120.9784229,14.2403195],[120.9784399,14.2403039],[120.9784595,14.2402914],[120.9784603,14.2402911],[120.9784811,14.2402825],[120.9785127,14.2402767],[120.9785455,14.2402786],[120.9785768,14.2402884],[120.9786046,14.2403055],[120.9786271,14.2403287],[120.9786429,14.2403567],[120.978651,14.2403876],[120.9786509,14.2404194],[120.9786426,14.2404503],[120.9786267,14.2404782],[120.9785767,14.240517],[120.9785666,14.2405215],[120.978551,14.2405266],[120.9785214,14.2405299],[120.9784919,14.2405267],[120.9784638,14.2405171],[120.9784387,14.2405015],[120.9784179,14.2404809],[120.9784025,14.2404563],[120.9783931,14.2404289],[120.9783905,14.2404002]]]]},"properties":{"highway":"residential","junction":"circular","lanes":"2","parking:both:restriction":"no_stopping","smoothness":"good","surface":"concrete"}},{"type":"Feature","geometry":{"type":"MultiPolygon","coordinates":[[[[120.9849776,14.3604412],[120.9850938,14.3605075],[120.9851213,14.3605264],[120.9851324,14.3605519],[120.9851235,14.3606636],[120.9851139,14.360692],[120.9850817,14.3607082],[120.9850261,14.3607017],[120.9849885,14.3606797],[120.98498,14.3606438],[120.9849776,14.3604412]]]]},"properties":{"access":"private","highway":"service"}},{"type":"Feature","geometry":{"type":"MultiPolygon","coordinates":[[[[120.985471,14.3584994],[120.985481,14.3582934],[120.9854881,14.3582748],[120.9855095,14.3582625],[120.985592,14.3582605],[120.9856148,14.3582794],[120.9856234,14.3583047],[120.9856202,14.358449],[120.9856068,14.3584632],[120.985586,14.3584697],[120.985471,14.3584994]]]]},"properties":{"access":"private","highway":"service"}},{"type":"Feature","geometry":{"type":"MultiPolygon","coordinates":[[[[120.9849829,14.3585087],[120.9849853,14.3583101],[120.9849912,14.3582872],[120.9850147,14.3582735],[120.985081,14.3582696],[120.9851132,14.3582872],[120.9851417,14.3583119],[120.9851406,14.3584137],[120.9851253,14.3584424],[120.9850951,14.3584632],[120.9849829,14.3585087]]]]},"properties":{"access":"private","highway":"service"}},{"type":"Feature","geometry":{"type":"MultiPolygon","coordinates":[[[[120.9859541,14.3598523],[120.9859695,14.3598339],[120.9859977,14.3598235],[120.9861006,14.3598314],[120.9861184,14.3598488],[120.9861244,14.3598735],[120.9861205,14.359979],[120.9860976,14.3600093],[120.9860768,14.3600255],[120.9860428,14.3600365],[120.9860071,14.3600158],[120.9859843,14.3599956],[120.9859741,14.3599686],[120.9859541,14.3598523]]]]},"properties":{"access":"private","highway":"service"}},{"type":"Feature","geometry":{"type":"MultiPolygon","coordinates":[[[[120.9859849,14.3584259],[120.985985,14.3583008],[120.985993,14.3582774],[120.9860163,14.3582621],[120.9860963,14.3582612],[120.9861197,14.3582748],[120.9861311,14.3582963],[120.9861202,14.3584399],[120.9861137,14.3584561],[120.9860983,14.3584665],[120.9860435,14.3584738],[120.9860024,14.3584587],[120.985991,14.3584437],[120.9859849,14.3584259]]]]},"properties":{"access":"private","highway":"service"}},{"type":"Feature","geometry":{"type":"MultiPolygon","coordinates":[[[[120.9844871,14.3605141],[120.9845124,14.3604913],[120.9845543,14.3604772],[120.9845936,14.3604841],[120.9846137,14.3605036],[120.9846218,14.3605281],[120.9846293,14.3606606],[120.9846184,14.3606829],[120.9845936,14.3606946],[120.9845419,14.3606978],[120.9845035,14.3606869],[120.9844889,14.3606576],[120.9844871,14.3605141]]]]},"properties":{"access":"private","highway":"service"}},{"type":"Feature","geometry":{"type":"MultiPolygon","coordinates":[[[[120.9854847,14.3599976],[120.9855003,14.3598709],[120.9855122,14.3598417],[120.9855337,14.3598189],[120.9855806,14.3598124],[120.9856135,14.3598254],[120.9856298,14.3598486],[120.9856216,14.3599942],[120.9856068,14.360021],[120.9855806,14.3600346],[120.9855386,14.3600389],[120.9854996,14.3600185],[120.9854847,14.3599976]]]]},"properties":{"access":"private","highway":"service"}},{"type":"Feature","geometry":{"type":"MultiPolygon","coordinates":[[[[120.984495,14.3583359],[120.9845003,14.3583093],[120.9845196,14.3582974],[120.9846056,14.3583002],[120.9846207,14.3583122],[120.984629,14.3583276],[120.9846348,14.3584606],[120.9846237,14.3584798],[120.984607,14.3584879],[120.9845462,14.3585232],[120.9845171,14.3584885],[120.9845024,14.3584697],[120.9844952,14.3584476],[120.984495,14.3583359]]]]},"properties":{"access":"private","highway":"service"}},{"type":"Feature","geometry":{"type":"MultiPolygon","coordinates":[[[[120.9871698,14.2613398],[120.9871751,14.2613235],[120.9871852,14.2613095],[120.9871992,14.261299],[120.9872157,14.2612931],[120.9872333,14.2612921],[120.9872502,14.2612962],[120.9872652,14.2613049],[120.9872768,14.2613175],[120.9872841,14.2613328],[120.9872865,14.2613495],[120.9872835,14.2613667],[120.9872753,14.2613822],[120.9872627,14.2613945],[120.9872468,14.2614026],[120.9872291,14.2614057],[120.9872089,14.2614026],[120.9871909,14.2613931],[120.9871775,14.2613782],[120.9871701,14.2613596],[120.9871698,14.2613398]]]]},"properties":{"access":"private","highway":"residential","junction":"roundabout","oneway":"yes","oneway:bicycle":"yes"}},{"type":"Feature","geometry":{"type":"MultiPolygon","coordinates":[[[[120.9865207,14.3612787],[120.9865288,14.3612444],[120.9865463,14.3612137],[120.986572,14.3611889],[120.9866037,14.3611719],[120.9866471,14.3611636],[120.9866909,14.36117],[120.9867299,14.3611902],[120.9867597,14.361222],[120.9867766,14.3612616],[120.9867789,14.3613044],[120.9867662,14.3613455],[120.9867399,14.36138],[120.9867033,14.361404],[120.9866707,14.3614135],[120.9866368,14.3614144],[120.9866038,14.3614068],[120.986574,14.3613912],[120.9865497,14.3613691],[120.986532,14.3613417],[120.9865222,14.3613109],[120.9865207,14.3612787]]]]},"properties":{"access":"private","highway":"residential","junction":"roundabout","lanes":"1","maxspeed":"30","oneway":"yes","oneway:bicycle":"yes","smoothness":"intermediate"}},{"type":"Feature","geometry":{"type":"MultiPolygon","coordinates":[[[[120.982476,14.3631286],[120.9824766,14.363003],[120.98249,14.362976],[120.9825128,14.3629539],[120.982556,14.3629221],[120.9825893,14.3629429],[120.9826154,14.3629649],[120.9826273,14.363001],[120.9826188,14.3631416],[120.9826101,14.3631631],[120.982586,14.3631734],[120.9824997,14.3631649],[120.9824833,14.363152],[120.982476,14.3631286]]]]},"properties":{"highway":"service","source":"Bing"}},{"type":"Feature","geometry":{"type":"MultiPolygon","coordinates":[[[[120.9824884,14.3627122],[120.9824896,14.3626912],[120.9824977,14.3626718],[120.982512,14.3626559],[120.9825308,14.3626455],[120.9825521,14.3626415],[120.9825735,14.3626445],[120.9825928,14.362654],[120.9826078,14.3626692],[120.9826169,14.3626882],[120.9826192,14.3627091],[120.9826143,14.3627295],[120.982603,14.3627471],[120.9825865,14.3627602],[120.9825666,14.3627675],[120.9825449,14.3627681],[120.9825242,14.362762],[120.9825067,14.3627496],[120.9824943,14.3627324],[120.9824884,14.3627122]]]]},"properties":{"highway":"residential","junction":"circular","source":"Bing"}},{"type":"Feature","geometry":{"type":"MultiPolygon","coordinates":[[[[120.9633123,14.3336901],[120.9634048,14.3333894],[120.9634152,14.3333737],[120.9634292,14.3333663],[120.963449,14.3333619],[120.9636855,14.3334475],[120.9634918,14.3337439],[120.9634791,14.3337569],[120.9634637,14.3337577],[120.9633282,14.3337204],[120.9633142,14.333708],[120.9633123,14.3336901]]]]},"properties":{"highway":"residential","lanes":"1","maxspeed":"20","name":"Lebanon Court","name:etymology:wikidata":"Q822","oneway":"yes","parking:both":"no","parking:both:restriction":"no_parking","surface":"concrete"}},{"type":"Feature","geometry":{"type":"MultiPolygon","coordinates":[[[[120.9621354,14.3345071],[120.9621658,14.3343161],[120.9621753,14.3343039],[120.9621928,14.3342998],[120.9623308,14.3343265],[120.9623436,14.334337],[120.9623494,14.3343531],[120.9623139,14.3345131],[120.9622996,14.3345233],[120.9622817,14.3345264],[120.9621354,14.3345071]]]]},"properties":{"highway":"residential","lanes":"1","maxspeed":"20","name":"Lystra Court","name:etymology:wikidata":"Q535982","oneway":"yes","parking:both":"no","parking:both:restriction":"no_parking","surface":"concrete"}},{"type":"Feature","geometry":{"type":"MultiPolygon","coordinates":[[[[120.9622069,14.3339965],[120.9622584,14.3337962],[120.9624604,14.3338422],[120.9624765,14.3338522],[120.9624861,14.3338727],[120.9624424,14.3340482],[120.962428,14.3340621],[120.9624088,14.3340646],[120.96222,14.3340201],[120.9622107,14.3340101],[120.9622069,14.3339965]]]]},"properties":{"highway":"residential","lanes":"1","maxspeed":"20","name":"Libnah Court","name:etymology:wikidata":"Q3486583","oneway":"yes","parking:both":"no","parking:both:restriction":"no_parking","surface":"concrete"}},{"type":"Feature","geometry":{"type":"MultiPolygon","coordinates":[[[[120.96144,14.3337172],[120.961466,14.3335531],[120.9617085,14.33361],[120.9617219,14.3336195],[120.9617277,14.3336368],[120.9617053,14.3337637],[120.9616986,14.3337789],[120.9616871,14.333784],[120.9614555,14.3337411],[120.961443,14.3337325],[120.96144,14.3337172]]]]},"properties":{"highway":"residential","lanes":"1","maxspeed":"20","name":"Eden Court","oneway":"yes","parking:both":"no","parking:both:restriction":"no_parking","surface":"concrete"}},{"type":"Feature","geometry":{"type":"MultiPolygon","coordinates":[[[[120.9658489,14.2747159],[120.9661224,14.2738482],[120.9663497,14.273127],[120.9663659,14.2730756],[120.966378,14.273062],[120.9663975,14.2730575],[120.9672223,14.2732598],[120.9673033,14.2732797],[120.9673208,14.2732985],[120.9673248,14.2733239],[120.9672785,14.2734863],[120.9672651,14.2734994],[120.9672464,14.2735045],[120.9666738,14.2733635],[120.9666191,14.2733576],[120.9665801,14.2733646],[120.9665569,14.2733765],[120.9665338,14.2734053],[120.9665013,14.2735143],[120.9661379,14.2747312],[120.9661182,14.2747981],[120.9661067,14.2748143],[120.9660897,14.2748224],[120.9660682,14.2748203],[120.96595,14.2747843],[120.9658658,14.274756],[120.9658503,14.27474],[120.9658489,14.2747159]]]]},"properties":{"footway":"sidewalk","highway":"footway","smoothness":"intermediate","surface":"concrete","tactile_paving":"no","wheelchair":"yes","width":"1.2"}},{"type":"Feature","geometry":{"type":"MultiPolygon","coordinates":[[[[120.9253673,14.3624604],[120.92537,14.3624421],[120.9253774,14.3624251],[120.9253891,14.3624105],[120.9254145,14.3623947],[120.9254445,14.3623902],[120.9254657,14.3623944],[120.9254848,14.3624045],[120.9254999,14.3624196],[120.9255098,14.3624383],[120.9255137,14.362459],[120.925511,14.3624799],[120.925503,14.3624979],[120.9254901,14.3625131],[120.9254735,14.3625242],[120.9254543,14.3625306],[120.9254304,14.3625311],[120.9254075,14.3625242],[120.9253882,14.3625106],[120.9253768,14.3624958],[120.9253697,14.3624787],[120.9253673,14.3624604]]]]},"properties":{"highway":"service","junction":"roundabout","oneway":"yes"}},{"type":"Feature","geometry":{"type":"MultiPolygon","coordinates":[[[[120.9310022,14.3156654],[120.9310097,14.3156348],[120.9310268,14.3156069],[120.9310518,14.3155852],[120.9310823,14.3155719],[120.9311156,14.315568],[120.9311485,14.3155741],[120.9311774,14.315589],[120.9312004,14.3156114],[120.9312157,14.3156395],[120.9312217,14.3156706],[120.9312182,14.3157016],[120.9312055,14.3157304],[120.9311848,14.3157543],[120.9311572,14.3157716],[120.9311256,14.3157803],[120.9310928,14.3157795],[120.9310616,14.3157694],[120.9310352,14.3157511],[120.9310155,14.3157262],[120.9310042,14.3156967],[120.9310022,14.3156654]]]]},"properties":{"access":"private","highway":"tertiary","junction":"circular","lanes":"1","maxspeed":"20","oneway":"yes","smoothness":"excellent","surface":"concrete"}},{"type":"Feature","geometry":{"type":"MultiPolygon","coordinates":[[[[120.9546337,14.2194625],[120.954638,14.2194319],[120.9546556,14.2194061],[120.954683,14.2193902],[120.9547148,14.2193874],[120.9547446,14.2193983],[120.9547667,14.2194206],[120.9547766,14.21945],[120.9547723,14.2194807],[120.9547547,14.2195065],[120.9547273,14.2195224],[120.9546955,14.2195252],[120.9546656,14.2195143],[120.9546436,14.219492],[120.9546337,14.2194625]]]]},"properties":{"highway":"residential"}},{"type":"Feature","geometry":{"type":"MultiPolygon","coordinates":[[[[120.9657116,14.2199663],[120.9657127,14.2199446],[120.9657137,14.2199171],[120.9657381,14.2198855],[120.9657529,14.2198762],[120.9657726,14.2198639],[120.9658153,14.2198599],[120.9658305,14.2198622],[120.9658549,14.2198658],[120.9658844,14.2198845],[120.9658986,14.2199131],[120.9658986,14.2199368],[120.9658946,14.2199614],[120.9658682,14.2200018],[120.9658316,14.2200304],[120.9657889,14.2200254],[120.9657452,14.2200116],[120.9657228,14.219989],[120.9657116,14.2199663]]]]},"properties":{"highway":"footway"}},{"type":"Feature","geometry":{"type":"MultiPolygon","coordinates":[[[[120.964149,14.2658369],[120.9641522,14.2658057],[120.96417,14.265772],[120.9642016,14.2657499],[120.9651477,14.2653365],[120.9651376,14.265423],[120.9651147,14.2655066],[120.9650705,14.2656023],[120.96483,14.266001],[120.9645225,14.2665105],[120.9644581,14.2664871],[120.9641543,14.2658665],[120.964149,14.2658369]]]]},"properties":{"highway":"residential","lanes":"2","lanes:backward":"1","lanes:forward":"1","maxspeed":"20","name":"Imperial Street","smoothness":"excellent","surface":"concrete"}},{"type":"Feature","geometry":{"type":"MultiPolygon","coordinates":[[[[120.9888819,14.2977148],[120.9888972,14.2975887],[120.9898354,14.2975913],[120.989913,14.2976089],[120.989964,14.2976531],[120.9900324,14.2977662],[120.9900834,14.2979104],[120.9900834,14.2979559],[120.9900581,14.2979968],[120.9900096,14.2980326],[120.9890858,14.2982164],[120.9890199,14.2982054],[120.988977,14.2981508],[120.9888819,14.2977148]]]]},"properties":{"access":"private","highway":"residential","lanes":"2","lanes:backward":"1","lanes:forward":"1","smoothness":"good","surface":"concrete"}},{"type":"Feature","geometry":{"type":"MultiPolygon","coordinates":[[[[120.9875782,14.2980131],[120.9875943,14.2978815],[120.9875996,14.297658],[120.9876227,14.2976076],[120.9876562,14.2975822],[120.9877879,14.2975792],[120.9878886,14.2975776],[120.9879712,14.2975859],[120.9880197,14.2976214],[120.9880271,14.297668],[120.9880316,14.297821],[120.9880335,14.2978835],[120.988074,14.2979274],[120.9881631,14.2979367],[120.9882407,14.2979361],[120.9884665,14.2979187],[120.9885252,14.2981923],[120.9885331,14.2982478],[120.9885191,14.2982896],[120.9884715,14.2983223],[120.9883257,14.2983664],[120.9881661,14.2983839],[120.9880231,14.2983719],[120.9879269,14.2983445],[120.9878142,14.2982935],[120.9876922,14.2982119],[120.9876038,14.2981228],[120.9875782,14.2980131]]]]},"properties":{"access":"private","highway":"residential","lanes":"2","lanes:backward":"1","lanes:forward":"1","smoothness":"good","surface":"concrete"}},{"type":"Feature","geometry":{"type":"MultiPolygon","coordinates":[[[[120.9926622,14.21686],[120.9926693,14.2168387],[120.9926824,14.216823],[120.9927002,14.2168126],[120.9927114,14.2168096],[120.9927322,14.2168096],[120.9927561,14.2168193],[120.9927708,14.2168336],[120.9927796,14.2168518],[120.9927814,14.2168719],[120.9927726,14.2168975],[120.9927587,14.2169125],[120.9927403,14.216922],[120.9927197,14.2169248],[120.992706,14.2169228],[120.9926872,14.2169143],[120.9926725,14.2168999],[120.9926634,14.2168802],[120.9926622,14.21686]]]]},"properties":{"highway":"service"}},{"type":"Feature","geometry":{"type":"MultiPolygon","coordinates":[[[[120.9806561,14.2184625],[120.9806591,14.2184376],[120.9806639,14.218426],[120.9806793,14.2184059],[120.9807008,14.2183922],[120.9807228,14.2183867],[120.9807565,14.218391],[120.9807786,14.2184037],[120.980795,14.2184231],[120.9808023,14.2184409],[120.980804,14.2184658],[120.9807969,14.2184898],[120.980788,14.2185034],[120.9807686,14.2185199],[120.9807446,14.2185289],[120.9807313,14.2185302],[120.9807059,14.2185262],[120.980679,14.2185103],[120.9806637,14.2184902],[120.9806561,14.2184625]]]]},"properties":{"highway":"service","oneway":"yes","service":"driveway"}},{"type":"Feature","geometry":{"type":"MultiPolygon","coordinates":[[[[120.9885236,14.334685],[120.9885292,14.3345939],[120.9885451,14.3345278],[120.9885652,14.3344513],[120.9885907,14.3344083],[120.988635,14.3343758],[120.9886792,14.3343823],[120.9889313,14.3345174],[120.9891486,14.3346006],[120.9891955,14.3346188],[120.989221,14.3346455],[120.9892331,14.3346928],[120.9892182,14.3349123],[120.9889528,14.3348267],[120.9888424,14.3348045],[120.9887677,14.3347851],[120.9885916,14.3347791],[120.9885505,14.3347669],[120.9885298,14.334732],[120.9885236,14.334685]]]]},"properties":{"highway":"residential","lanes":"2","name":"Tanager Street","oneway":"yes","oneway:bicycle":"yes","smoothness":"excellent","surface":"concrete"}},{"type":"Feature","geometry":{"type":"MultiPolygon","coordinates":[[[[120.9884532,14.3338679],[120.9884585,14.3338157],[120.9884772,14.3337811],[120.9885063,14.3337541],[120.9885447,14.3337371],[120.9885868,14.3337336],[120.9886276,14.333744],[120.9886625,14.3337671],[120.988691,14.3338081],[120.9887,14.3338568],[120.988688,14.3339049],[120.9886571,14.3339442],[120.9886235,14.3339642],[120.988585,14.333973],[120.9885457,14.3339696],[120.9885095,14.3339544],[120.9884714,14.3339172],[120.9884532,14.3338679]]]]},"properties":{"cycleway:right":"lane","highway":"residential","junction":"roundabout","lanes":"1","oneway":"yes","oneway:bicycle":"yes","parking:both:restriction":"no_stopping","smoothness":"excellent","surface":"concrete"}},{"type":"Feature","geometry":{"type":"MultiPolygon","coordinates":[[[[121.0131008,14.3263565],[121.0131034,14.3263394],[121.0131115,14.3263241],[121.0131311,14.3263084],[121.0131558,14.3263031],[121.0131804,14.3263093],[121.0131969,14.3263226],[121.0132068,14.3263411],[121.0132085,14.3263618],[121.0132017,14.3263816],[121.0131874,14.3263973],[121.0131679,14.3264063],[121.0131463,14.3264071],[121.0131261,14.3263998],[121.0131128,14.3263884],[121.0131041,14.3263734],[121.0131008,14.3263565]]]]},"properties":{"access":"private","highway":"residential","name":"Saint Joseph Village 10 Phase 3 Rotunda","oneway":"yes"}},{"type":"Feature","geometry":{"type":"MultiPolygon","coordinates":[[[[120.9378435,14.2831552],[120.9378447,14.2831299],[120.9378529,14.283106],[120.9378677,14.2830851],[120.9378877,14.2830689],[120.9379178,14.2830572],[120.9379501,14.283056],[120.937981,14.2830655],[120.9380067,14.2830846],[120.9380243,14.2831109],[120.9380317,14.2831415],[120.9380279,14.2831727],[120.9380135,14.2832008],[120.9379901,14.2832225],[120.9379606,14.2832353],[120.9379283,14.2832377],[120.9378971,14.2832293],[120.9378706,14.2832112],[120.937852,14.2831855],[120.9378435,14.2831552]]]]},"properties":{"access":"private","highway":"residential","junction":"roundabout","lanes":"1","maxspeed":"20","oneway":"yes","smoothness":"good","surface":"concrete"}},{"type":"Feature","geometry":{"type":"MultiPolygon","coordinates":[[[[121.0006936,14.2998738],[121.0007761,14.299705],[121.0009436,14.2998143],[121.0009584,14.2998367],[121.0009513,14.2998653],[121.0009238,14.299913],[121.0009198,14.2999585],[121.0009292,14.3000001],[121.0010431,14.3002961],[121.0008185,14.3003594],[121.0006936,14.2998738]]]]},"properties":{"access":"private","highway":"residential","surface":"concrete"}},{"type":"Feature","geometry":{"type":"MultiPolygon","coordinates":[[[[120.9613756,14.3345187],[120.9613759,14.3343385],[120.9613846,14.3343268],[120.9613957,14.3343236],[120.9615664,14.3343373],[120.9615779,14.3343497],[120.9615806,14.3343593],[120.9615777,14.3345033],[120.9615708,14.334514],[120.9615584,14.3345184],[120.9613756,14.3345187]]]]},"properties":{"highway":"residential","lanes":"1","maxspeed":"20","name":"Joppa Court","oneway":"yes","parking:both":"no","parking:both:restriction":"no_parking","surface":"concrete"}},{"type":"Feature","geometry":{"type":"MultiPolygon","coordinates":[[[[120.9605763,14.3336065],[120.9606139,14.3333756],[120.960865,14.3334149],[120.960883,14.3334257],[120.9608868,14.3334443],[120.9608447,14.3336416],[120.9608325,14.3336566],[120.9608165,14.3336597],[120.9605897,14.3336307],[120.9605779,14.333622],[120.9605763,14.3336065]]]]},"properties":{"highway":"residential","lanes":"1","maxspeed":"20","name":"Judea Court","name:etymology:wikidata":"Q104028","oneway":"yes","parking:both":"no","parking:both:restriction":"no_parking","surface":"concrete"}},{"type":"Feature","geometry":{"type":"MultiPolygon","coordinates":[[[[120.9605477,14.3345116],[120.9605532,14.3342715],[120.9605571,14.3342522],[120.9605744,14.3342404],[120.9607666,14.3342552],[120.9607852,14.3342658],[120.960791,14.3342862],[120.9607823,14.3344951],[120.9607756,14.3345085],[120.9607609,14.334514],[120.9605477,14.3345116]]]]},"properties":{"highway":"residential","lanes":"1","maxspeed":"20","name":"Isreal Court","name:etymology:wikidata":"Q155321","oneway":"yes","parking:both":"no","parking:both:restriction":"no_parking","surface":"concrete"}},{"type":"Feature","geometry":{"type":"MultiPolygon","coordinates":[[[[120.9896592,14.2577997],[120.9896663,14.2577629],[120.9896871,14.2577314],[120.9897187,14.2577098],[120.9897563,14.2577012],[120.9897944,14.257707],[120.9898275,14.2577262],[120.9898508,14.2577561],[120.9898607,14.2577923],[120.989855,14.2578322],[120.9898331,14.2578664],[120.9897988,14.2578892],[120.9897579,14.2578967],[120.9897202,14.2578887],[120.9896883,14.2578676],[120.9896669,14.2578364],[120.9896592,14.2577997]]]]},"properties":{"highway":"residential","junction":"roundabout","oneway":"yes"}},{"type":"Feature","geometry":{"type":"MultiPolygon","coordinates":[[[[120.9887576,14.2571392],[120.9889529,14.2571384],[120.9892054,14.2571297],[120.9894647,14.2571272],[120.9894737,14.2575375],[120.9892361,14.257605],[120.9890414,14.2576591],[120.9889377,14.2574611],[120.9887576,14.2571392]]]]},"properties":{"highway":"residential"}},{"type":"Feature","geometry":{"type":"MultiPolygon","coordinates":[[[[120.9900011,14.2571309],[120.9902709,14.2571311],[120.9905268,14.2571283],[120.9905409,14.257761],[120.9905761,14.2583875],[120.9903105,14.2583995],[120.9900558,14.2584109],[120.9900239,14.2577848],[120.9900011,14.2571309]]]]},"properties":{"highway":"residential"}},{"type":"Feature","geometry":{"type":"MultiPolygon","coordinates":[[[[121.0065352,14.3528089],[121.0065375,14.3527856],[121.0065472,14.3527641],[121.0065648,14.3527457],[121.0065877,14.3527342],[121.0066133,14.3527307],[121.0066385,14.3527359],[121.0066606,14.3527489],[121.0066768,14.3527684],[121.0066852,14.3527921],[121.006685,14.3528171],[121.0066769,14.3528392],[121.006662,14.3528576],[121.0066419,14.3528706],[121.0066185,14.3528767],[121.0065944,14.3528754],[121.0065719,14.3528668],[121.0065534,14.3528517],[121.0065407,14.3528317],[121.0065352,14.3528089]]]]},"properties":{"access":"private","highway":"residential","junction":"roundabout","oneway":"yes","oneway:bicycle":"yes","smoothness":"good","surface":"concrete"}},{"type":"Feature","geometry":{"type":"MultiPolygon","coordinates":[[[[120.9707515,14.237635],[120.9707577,14.2376105],[120.9707687,14.2375972],[120.9707838,14.2375884],[120.9708011,14.237585],[120.9708193,14.2375879],[120.9708346,14.2375963],[120.970845,14.2376077],[120.9708517,14.2376235],[120.9708528,14.237637],[120.9708488,14.2376536],[120.9708391,14.2376678],[120.9708315,14.2376743],[120.9708156,14.2376815],[120.970798,14.2376831],[120.970781,14.2376788],[120.9707642,14.2376666],[120.970755,14.2376521],[120.9707515,14.237635]]]]},"properties":{"highway":"service","oneway":"yes"}},{"type":"Feature","geometry":{"type":"MultiPolygon","coordinates":[[[[120.9696811,14.3634268],[120.9697133,14.3633542],[120.9700116,14.3634824],[120.9702793,14.3636801],[120.9702538,14.3637151],[120.970215,14.3637528],[120.9699713,14.3635707],[120.9696811,14.3634268]]]]},"properties":{"highway":"residential"}},{"type":"Feature","geometry":{"type":"MultiPolygon","coordinates":[[[[120.9727289,14.2611232],[120.972737,14.2610902],[120.9727591,14.2610638],[120.9727908,14.2610494],[120.9728259,14.2610497],[120.9728573,14.2610648],[120.9728789,14.2610915],[120.9728862,14.2611243],[120.9728782,14.2611578],[120.9728561,14.2611841],[120.9728232,14.261199],[120.9727894,14.2611982],[120.9727579,14.2611832],[120.9727363,14.2611564],[120.9727289,14.2611232]]]]},"properties":{"highway":"service","junction":"roundabout"}},{"type":"Feature","geometry":{"type":"MultiPolygon","coordinates":[[[[120.962633,14.2628384],[120.9626355,14.2628196],[120.9626441,14.2628026],[120.9626578,14.262789],[120.9626752,14.2627803],[120.9626945,14.2627774],[120.9627138,14.2627806],[120.962731,14.2627895],[120.9627445,14.2628033],[120.9627528,14.2628205],[120.9627551,14.2628381],[120.9627519,14.2628555],[120.9627435,14.2628713],[120.9627307,14.262884],[120.9627146,14.2628924],[120.962696,14.2628958],[120.9626773,14.2628936],[120.9626602,14.2628859],[120.9626463,14.2628735],[120.9626367,14.262857],[120.962633,14.2628384]]]]},"properties":{"highway":"residential","junction":"roundabout","lanes":"1","maxspeed":"20","oneway":"yes","smoothness":"excellent","surface":"concrete"}},{"type":"Feature","geometry":{"type":"MultiPolygon","coordinates":[[[[120.9738086,14.2433407],[120.9738094,14.2433119],[120.9738191,14.2432846],[120.9738368,14.2432614],[120.9738609,14.2432444],[120.9738892,14.2432353],[120.9739189,14.2432348],[120.9739475,14.243243],[120.9739673,14.2432551],[120.9739836,14.2432714],[120.9739954,14.243291],[120.974002,14.2433128],[120.9740022,14.2433436],[120.9739922,14.2433729],[120.973973,14.2433975],[120.9739587,14.2434068],[120.9739466,14.2434148],[120.973916,14.243423],[120.9738842,14.2434212],[120.9738565,14.2434107],[120.9738333,14.2433925],[120.9738168,14.2433685],[120.9738086,14.2433407]]]]},"properties":{"access":"destination","highway":"residential","junction":"roundabout","lanes":"1","oneway":"yes","smoothness":"excellent","surface":"concrete"}},{"type":"Feature","geometry":{"type":"MultiPolygon","coordinates":[[[[121.0017456,14.3497232],[121.0017472,14.349679],[121.0019759,14.3490755],[121.0023713,14.3490717],[121.0026561,14.349082],[121.0027712,14.349104],[121.0028798,14.349146],[121.0029974,14.3492171],[121.0033085,14.3494001],[121.0029983,14.3493638],[121.0027901,14.3493752],[121.0025916,14.3493969],[121.0024224,14.3494298],[121.0022619,14.3494959],[121.0021245,14.3495801],[121.0019618,14.3496716],[121.0018137,14.3497874],[121.0017711,14.3497726],[121.0017523,14.3497512],[121.0017456,14.3497232]]]]},"properties":{"access":"private","fixme":"name","highway":"residential","noname":"yes","smoothness":"good","surface":"concrete"}},{"type":"Feature","geometry":{"type":"MultiPolygon","coordinates":[[[[121.0070072,14.344181],[121.0070094,14.3441536],[121.0070182,14.3441331],[121.0070373,14.3441191],[121.0070622,14.3441099],[121.0075225,14.3440495],[121.0075413,14.3442119],[121.0075365,14.3442455],[121.0075164,14.3442715],[121.0074956,14.3442961],[121.0074629,14.3443125],[121.0073274,14.3443333],[121.0071182,14.3443613],[121.0070772,14.3443605],[121.0070498,14.3443515],[121.0070309,14.3443273],[121.007021,14.3442977],[121.0070072,14.344181]]]]},"properties":{"access":"private","highway":"residential","lanes":"2","maxspeed":"20","name":"Lily Street","sidewalk":"both","surface":"concrete","width":"6"}},{"type":"Feature","geometry":{"type":"MultiPolygon","coordinates":[[[[120.9627245,14.2421879],[120.963119,14.2422743],[120.9631127,14.2423414],[120.9630886,14.2423699],[120.9627928,14.2423074],[120.9627637,14.2422913],[120.9627245,14.2421879]]]]},"properties":{"highway":"service"}},{"type":"Feature","geometry":{"type":"MultiPolygon","coordinates":[[[[120.9619564,14.244106],[120.9620671,14.2436752],[120.9620671,14.2435962],[120.9620685,14.243559],[120.962105,14.2435649],[120.9622074,14.2436035],[120.9622302,14.2436881],[120.9621126,14.2441661],[120.9620368,14.2441863],[120.9619647,14.2441495],[120.9619564,14.244106]]]]},"properties":{"highway":"service"}},{"type":"Feature","geometry":{"type":"MultiPolygon","coordinates":[[[[120.9770345,14.2985846],[120.9770376,14.2985753],[120.977043,14.2985672],[120.9770506,14.2985608],[120.9770597,14.2985566],[120.9770696,14.2985565],[120.9770815,14.2985565],[120.9770922,14.2985617],[120.9771007,14.2985699],[120.977106,14.2985804],[120.9771056,14.2985919],[120.9771052,14.2986028],[120.9770996,14.2986125],[120.9770913,14.29862],[120.977081,14.2986247],[120.9770697,14.2986245],[120.9770593,14.2986243],[120.9770499,14.2986198],[120.9770422,14.2986129],[120.9770368,14.2986041],[120.9770357,14.2985941],[120.9770345,14.2985846]]]]},"properties":{"highway":"footway"}},{"type":"Feature","geometry":{"type":"MultiPolygon","coordinates":[[[[120.9726484,14.2953552],[120.9726501,14.2953435],[120.9726555,14.2953329],[120.972664,14.2953245],[120.9726748,14.2953191],[120.9726869,14.2953173],[120.9726989,14.2953192],[120.9727097,14.2953247],[120.9727186,14.2953338],[120.9727239,14.2953454],[120.9727249,14.295358],[120.9727215,14.2953702],[120.9727141,14.2953806],[120.9727035,14.2953879],[120.972691,14.2953914],[120.972678,14.2953907],[120.972666,14.2953857],[120.9726564,14.2953772],[120.9726506,14.2953668],[120.9726484,14.2953552]]]]},"properties":{"highway":"footway"}},{"type":"Feature","geometry":{"type":"MultiPolygon","coordinates":[[[[120.9744891,14.2970905],[120.9744901,14.2970773],[120.9744954,14.297065],[120.9745046,14.297055],[120.9745165,14.2970484],[120.9745301,14.2970479],[120.9745424,14.2970473],[120.9745538,14.2970522],[120.9745632,14.29706],[120.9745699,14.2970702],[120.9745714,14.297082],[120.9745729,14.297094],[120.9745689,14.2971056],[120.9745616,14.2971155],[120.9745515,14.2971228],[120.9745397,14.297127],[120.9745273,14.2971261],[120.9745163,14.2971253],[120.9745065,14.2971201],[120.9744983,14.2971127],[120.9744942,14.2971028],[120.9744891,14.2970905]]]]},"properties":{"highway":"footway"}},{"type":"Feature","geometry":{"type":"MultiPolygon","coordinates":[[[[121.0095318,14.31567],[121.0095349,14.3156215],[121.009555,14.3155718],[121.0095905,14.3155308],[121.0096376,14.3155031],[121.0096914,14.3154915],[121.0097462,14.3154971],[121.0097784,14.3155113],[121.0097963,14.3155196],[121.0098363,14.3155563],[121.009862,14.3156036],[121.0098708,14.3156563],[121.0098616,14.315709],[121.0098355,14.3157561],[121.0097952,14.3157925],[121.0097499,14.3158133],[121.0097003,14.3158202],[121.0096508,14.3158129],[121.0096057,14.3157919],[121.0095688,14.315759],[121.0095435,14.3157172],[121.0095318,14.31567]]]]},"properties":{"access":"private","highway":"residential","junction":"circular","oneway":"yes","oneway:bicycle":"yes","surface":"concrete"}},{"type":"Feature","geometry":{"type":"MultiPolygon","coordinates":[[[[120.9869353,14.2989392],[120.9869479,14.2988968],[120.9869737,14.2988605],[120.98701,14.2988339],[120.9870491,14.2988206],[120.9870905,14.2988188],[120.9871306,14.2988286],[120.9871661,14.2988493],[120.9871939,14.2988791],[120.9872117,14.2989153],[120.9872178,14.2989592],[120.9872092,14.2990027],[120.9871868,14.2990413],[120.9871529,14.2990709],[120.987111,14.2990886],[120.9870655,14.2990925],[120.9870211,14.2990821],[120.9869824,14.2990586],[120.9869535,14.2990245],[120.9869372,14.2989833],[120.9869353,14.2989392]]]]},"properties":{"access":"private","highway":"residential","junction":"roundabout","lanes":"1","oneway":"yes","smoothness":"good","surface":"concrete"}},{"type":"Feature","geometry":{"type":"MultiPolygon","coordinates":[[[[120.9846892,14.3003528],[120.984692,14.3003348],[120.9847006,14.3003187],[120.9847141,14.3003062],[120.9847311,14.3002985],[120.9847497,14.3002966],[120.9847684,14.3003008],[120.9847847,14.3003108],[120.9847966,14.3003254],[120.9848028,14.300343],[120.9848028,14.3003611],[120.9847967,14.3003783],[120.9847852,14.3003926],[120.9847696,14.3004026],[120.9847514,14.3004071],[120.9847328,14.3004057],[120.9847156,14.3003986],[120.9847017,14.3003865],[120.9846926,14.3003706],[120.9846892,14.3003528]]]]},"properties":{"access":"private","highway":"residential","lanes":"1","oneway":"yes","smoothness":"good","surface":"concrete"}},{"type":"Feature","geometry":{"type":"MultiPolygon","coordinates":[[[[120.9853516,14.2990519],[120.9853527,14.2990319],[120.9853604,14.2990133],[120.9853739,14.2989982],[120.9853917,14.2989881],[120.985412,14.2989842],[120.9854325,14.2989869],[120.985451,14.2989959],[120.9854654,14.2990102],[120.9854743,14.2990283],[120.9854767,14.2990482],[120.9854722,14.2990677],[120.9854614,14.2990848],[120.9854455,14.2990976],[120.9854262,14.2991047],[120.9854055,14.2991053],[120.9853858,14.2990994],[120.9853691,14.2990876],[120.9853573,14.2990712],[120.9853516,14.2990519]]]]},"properties":{"access":"private","highway":"residential","lanes":"1","oneway":"yes","smoothness":"good","surface":"concrete"}},{"type":"Feature","geometry":{"type":"MultiPolygon","coordinates":[[[[120.9865324,14.2988798],[120.9865342,14.2988626],[120.9865418,14.298847],[120.9865545,14.2988348],[120.9865706,14.2988274],[120.9865883,14.2988257],[120.9866057,14.2988298],[120.9866205,14.2988393],[120.9866307,14.2988522],[120.9866362,14.2988675],[120.9866365,14.2988836],[120.9866314,14.2988991],[120.9866216,14.2989122],[120.9866081,14.2989217],[120.9865922,14.2989265],[120.9865755,14.2989263],[120.9865597,14.2989209],[120.9865465,14.2989111],[120.9865366,14.2988966],[120.9865324,14.2988798]]]]},"properties":{"access":"private","highway":"residential","lanes":"1","oneway":"yes","smoothness":"good","surface":"concrete"}},{"type":"Feature","geometry":{"type":"MultiPolygon","coordinates":[[[[120.9805624,14.3090988],[120.9805679,14.3090789],[120.9805797,14.3090618],[120.9805982,14.3090484],[120.9806203,14.3090421],[120.9806419,14.3090433],[120.9806619,14.3090513],[120.9806781,14.3090651],[120.9806888,14.3090833],[120.9806927,14.3091039],[120.9806895,14.3091246],[120.9806796,14.3091432],[120.9806639,14.3091576],[120.9806442,14.3091662],[120.9806227,14.3091682],[120.9806027,14.3091637],[120.9805852,14.3091534],[120.9805718,14.3091383],[120.9805637,14.3091193],[120.9805624,14.3090988]]]]},"properties":{"access":"private","highway":"residential","junction":"roundabout","lanes":"1","oneway":"yes","smoothness":"good","surface":"concrete"}},{"type":"Feature","geometry":{"type":"MultiPolygon","coordinates":[[[[121.0089445,14.3217775],[121.0089485,14.3217549],[121.0089606,14.3217351],[121.0089792,14.3217208],[121.0090028,14.3217137],[121.0090275,14.3217155],[121.0090497,14.3217261],[121.0090663,14.3217438],[121.009075,14.3217663],[121.0090744,14.3217903],[121.0090648,14.3218124],[121.0090482,14.3218288],[121.0090267,14.3218385],[121.009003,14.3218402],[121.0089803,14.3218336],[121.0089615,14.3218196],[121.008949,14.3218001],[121.0089445,14.3217775]]]]},"properties":{"highway":"tertiary","junction":"roundabout","lanes":"1","oneway":"yes","oneway:bicycle":"yes","surface":"concrete"}},{"type":"Feature","geometry":{"type":"MultiPolygon","coordinates":[[[[121.0126464,14.3237622],[121.0126502,14.3237469],[121.0126587,14.3237334],[121.012671,14.3237231],[121.012686,14.3237169],[121.0127019,14.3237155],[121.0127175,14.3237186],[121.0127314,14.3237262],[121.0127423,14.3237374],[121.0127493,14.3237513],[121.0127516,14.3237675],[121.0127486,14.3237837],[121.0127404,14.323798],[121.0127279,14.3238091],[121.0127125,14.3238158],[121.0126956,14.3238174],[121.0126791,14.3238138],[121.0126646,14.3238052],[121.0126537,14.3237926],[121.0126476,14.323778],[121.0126464,14.3237622]]]]},"properties":{"highway":"residential","junction":"circular"}},{"type":"Feature","geometry":{"type":"MultiPolygon","coordinates":[[[[120.9702189,14.2776382],[120.9702191,14.2776302],[120.9702222,14.2776218],[120.9702335,14.2776132],[120.9702521,14.2776115],[120.9703673,14.2776255],[120.9704164,14.2776291],[120.9705079,14.2776291],[120.9706126,14.277625],[120.9706831,14.277618],[120.9707424,14.2776095],[120.9710084,14.2775567],[120.9711372,14.2775325],[120.9711976,14.2775212],[120.971327,14.2774958],[120.9714142,14.2774803],[120.9714962,14.2774677],[120.9716133,14.2774524],[120.9717235,14.2774432],[120.9718195,14.2774452],[120.9718653,14.2774508],[120.9721403,14.2774984],[120.9721566,14.2775041],[120.9721741,14.2775166],[120.9721829,14.277538],[120.9721787,14.2775659],[120.9721546,14.2776764],[120.9721482,14.2777007],[120.9721385,14.2777183],[120.9721271,14.2777289],[120.9721097,14.277734],[120.9720063,14.2777452],[120.9714492,14.2778296],[120.9709092,14.2779099],[120.9704399,14.277987],[120.9703602,14.2780008],[120.9703367,14.277994],[120.9703195,14.2779752],[120.9702189,14.2776382]]]]},"properties":{"bicycle":"dismount","footway":"sidewalk","highway":"footway","smoothness":"good","surface":"concrete","tactile_paving":"no","wheelchair":"yes","width":"1.2"}},{"type":"Feature","geometry":{"type":"MultiPolygon","coordinates":[[[[120.9757208,14.3050837],[120.975726,14.3050588],[120.9757389,14.3050367],[120.9757582,14.3050195],[120.9757821,14.305009],[120.9758081,14.3050061],[120.9758365,14.3050122],[120.975861,14.3050274],[120.9758787,14.3050497],[120.9758874,14.3050766],[120.9758862,14.3051047],[120.975875,14.3051307],[120.9758554,14.3051515],[120.9758296,14.3051645],[120.9758008,14.3051682],[120.9757751,14.3051632],[120.9757523,14.3051507],[120.9757346,14.305132],[120.9757237,14.3051089],[120.9757208,14.3050837]]]]},"properties":{"highway":"service","junction":"roundabout","lanes":"1","maxspeed":"15","oneway":"yes","sidewalk":"right","smoothness":"good","surface":"concrete"}},{"type":"Feature","geometry":{"type":"MultiPolygon","coordinates":[[[[120.9614221,14.3233442],[120.9614231,14.3233297],[120.9614287,14.3233162],[120.9614384,14.3233051],[120.9614512,14.3232975],[120.9614658,14.3232941],[120.9614807,14.3232953],[120.9614945,14.3233009],[120.9615059,14.3233105],[120.961514,14.3233242],[120.9615169,14.3233397],[120.9615142,14.3233553],[120.9615061,14.3233691],[120.9614938,14.3233794],[120.9614785,14.3233851],[120.9614622,14.3233854],[120.9614468,14.3233804],[120.961434,14.3233706],[120.9614259,14.3233583],[120.9614221,14.3233442]]]]},"properties":{"highway":"unclassified","junction":"roundabout","lit":"yes","name":"Pagamutan Circle"}},{"type":"Feature","geometry":{"type":"MultiPolygon","coordinates":[[[[120.9464999,14.3092746],[120.9465091,14.3092442],[120.946528,14.3092183],[120.9465548,14.3092],[120.9465867,14.3091912],[120.9466199,14.3091932],[120.9466504,14.3092058],[120.9466748,14.3092275],[120.9466901,14.3092551],[120.9466952,14.3092861],[120.9466897,14.3093169],[120.9466742,14.3093444],[120.946651,14.3093649],[120.9466223,14.3093773],[120.946591,14.3093803],[120.9465604,14.3093736],[120.9465336,14.3093578],[120.9465133,14.3093346],[120.9465016,14.3093063],[120.9464999,14.3092746]]]]},"properties":{"highway":"residential","junction":"roundabout","lanes":"1","maxspeed":"30","oneway":"yes","oneway:bicycle":"yes","surface":"concrete"}},{"type":"Feature","geometry":{"type":"MultiPolygon","coordinates":[[[[120.9704142,14.2770924],[120.9704621,14.2770627],[120.9704926,14.2771089],[120.9704447,14.2771386],[120.9704142,14.2770924]]]]},"properties":{"bicycle":"dismount","highway":"footway","oneway":"yes","oneway:bicycle":"yes","oneway:foot":"yes","smoothness":"good","surface":"concrete","tactile_paving":"no","wheelchair":"limited","width":"1.2"}},{"type":"Feature","geometry":{"type":"MultiPolygon","coordinates":[[[[120.970114,14.2769595],[120.9701145,14.2769355],[120.9701237,14.2769132],[120.9701403,14.2768954],[120.9701623,14.2768844],[120.9701869,14.2768816],[120.970211,14.2768872],[120.97023,14.2768993],[120.970244,14.2769167],[120.9702515,14.2769375],[120.9702516,14.2769595],[120.9702444,14.2769805],[120.9702292,14.2769994],[120.9702081,14.2770119],[120.9701838,14.2770165],[120.9701594,14.2770125],[120.9701379,14.2770006],[120.9701221,14.2769821],[120.970114,14.2769595]]]]},"properties":{"highway":"footway","smoking":"no","width":"2"}},{"type":"Feature","geometry":{"type":"MultiPolygon","coordinates":[[[[120.9568542,14.3280627],[120.9568568,14.3280425],[120.9568662,14.3280243],[120.9568812,14.3280101],[120.9569003,14.3280016],[120.9569212,14.3279997],[120.9569408,14.3280043],[120.9569579,14.3280147],[120.9569706,14.3280298],[120.9569778,14.3280481],[120.9569785,14.3280676],[120.9569728,14.3280863],[120.9569612,14.3281023],[120.956945,14.3281139],[120.9569258,14.3281199],[120.9569056,14.3281196],[120.9568858,14.3281127],[120.9568696,14.3280999],[120.9568586,14.3280826],[120.9568542,14.3280627]]]]},"properties":{"foot":"no","highway":"service","junction":"roundabout","lanes":"1","oneway":"yes","parking:both":"no","parking:both:restriction":"no_stopping","sidewalk":"separate","surface":"concrete"}},{"type":"Feature","geometry":{"type":"MultiPolygon","coordinates":[[[[120.963233,14.3216244],[120.9632332,14.3215946],[120.963242,14.3215691],[120.9632583,14.3215474],[120.9632805,14.3215313],[120.9633067,14.3215224],[120.9633344,14.3215215],[120.9633626,14.3215292],[120.9633868,14.3215451],[120.9634047,14.3215676],[120.9634143,14.3215944],[120.9634147,14.3216228],[120.9634068,14.3216481],[120.9633916,14.3216701],[120.9633704,14.3216868],[120.963345,14.3216967],[120.9633178,14.3216984],[120.9632878,14.321692],[120.963262,14.321676],[120.963243,14.3216525],[120.963233,14.3216244]]]]},"properties":{"access":"private","highway":"service","junction":"roundabout","lanes":"1","maxspeed":"10","name":"Rotunda","oneway":"yes","sidewalk":"right","surface":"concrete"}},{"type":"Feature","geometry":{"type":"MultiPolygon","coordinates":[[[[120.9660292,14.2750475],[120.9660411,14.2750094],[120.9660633,14.2750158],[120.9660976,14.2750259],[120.9660857,14.275064],[120.9660292,14.2750475]]]]},"properties":{"highway":"footway","oneway":"yes","oneway:bicycle":"yes","oneway:foot":"yes","smoothness":"good","surface":"concrete:plates","tactile_paving":"no"}},{"type":"Feature","geometry":{"type":"MultiPolygon","coordinates":[[[[120.971119,14.2773944],[120.9711392,14.2773082],[120.9711663,14.2771926],[120.9712064,14.2770216],[120.9712245,14.2769988],[120.9712494,14.2769916],[120.9718575,14.277133],[120.9720549,14.2771789],[120.9721609,14.2772035],[120.9722271,14.2772191],[120.9722472,14.2772327],[120.9722512,14.2772534],[120.9722123,14.2774054],[120.9721966,14.2774216],[120.972174,14.2774264],[120.9721598,14.2774231],[120.9718742,14.2773614],[120.9717997,14.2773497],[120.9716858,14.2773517],[120.9715939,14.2773582],[120.9714088,14.2773893],[120.9711795,14.2774329],[120.9711553,14.2774368],[120.9711364,14.2774317],[120.9711225,14.2774153],[120.971119,14.2773944]]]]},"properties":{"bicycle":"dismount","footway":"sidewalk","highway":"footway","smoothness":"good","surface":"concrete","tactile_paving":"no","wheelchair":"yes","width":"1.2"}},{"type":"Feature","geometry":{"type":"MultiPolygon","coordinates":[[[[120.9722822,14.2774206],[120.9723168,14.2772746],[120.9723359,14.2772574],[120.9723738,14.2772486],[120.972461,14.277269],[120.9727403,14.2773344],[120.9733806,14.2774844],[120.9737369,14.2775679],[120.974085,14.2776495],[120.9741059,14.277671],[120.9741173,14.2776984],[120.9740864,14.2778296],[120.9740763,14.2778452],[120.9740656,14.2778517],[120.9740489,14.2778523],[120.9740267,14.2778478],[120.9723309,14.2774631],[120.9723108,14.2774579],[120.972291,14.2774468],[120.9722822,14.2774206]]]]},"properties":{"bicycle":"dismount","footway":"sidewalk","highway":"footway","smoothness":"good","surface":"concrete","tactile_paving":"no","wheelchair":"yes","width":"1.2"}},{"type":"Feature","geometry":{"type":"MultiPolygon","coordinates":[[[[120.9722097,14.2777158],[120.9722161,14.2776899],[120.9722441,14.2775836],[120.9722502,14.2775604],[120.9722699,14.2775431],[120.9722948,14.2775366],[120.9723088,14.2775404],[120.974006,14.2779368],[120.9740328,14.2779446],[120.9740502,14.2779537],[120.9740569,14.2779719],[120.9740515,14.2779957],[120.974016,14.2781435],[120.974,14.2781565],[120.9739785,14.2781623],[120.9738447,14.278131],[120.9738184,14.2781248],[120.9737385,14.2781059],[120.9735844,14.2780694],[120.973223,14.2779837],[120.9728622,14.2778982],[120.9724998,14.2778123],[120.9723321,14.2777726],[120.972234,14.2777492],[120.9722159,14.2777355],[120.9722097,14.2777158]]]]},"properties":{"bicycle":"dismount","footway":"sidewalk","highway":"footway","smoothness":"good","surface":"concrete","tactile_paving":"no","wheelchair":"yes","width":"1.2"}},{"type":"Feature","geometry":{"type":"MultiPolygon","coordinates":[[[[120.9592455,14.2287198],[120.95926,14.2285923],[120.9593161,14.2284761],[120.9594078,14.2283836],[120.9595254,14.2283248],[120.9596512,14.2283058],[120.9597769,14.2283255],[120.95989,14.2283822],[120.9599794,14.22847],[120.9600362,14.2285805],[120.9600549,14.2287026],[120.9600515,14.2287495],[120.9600423,14.2287957],[120.9599926,14.2289076],[120.95991,14.2289993],[120.9598024,14.229062],[120.9596801,14.2290898],[120.9595549,14.22908],[120.9594389,14.2290334],[120.9593431,14.2289546],[120.9592743,14.2288451],[120.9592455,14.2287198]]]]},"properties":{"highway":"residential","junction":"circular","lanes":"2","oneway":"yes"}},{"type":"Feature","geometry":{"type":"MultiPolygon","coordinates":[[[[120.9498046,14.2350676],[120.9499228,14.2347392],[120.9500274,14.2346163],[120.9504811,14.2340175],[120.9508706,14.2334827],[120.951125,14.233192],[120.9512019,14.2331249],[120.951363,14.2330087],[120.9515561,14.2329033],[120.9518649,14.2327174],[120.9521799,14.2324155],[120.952417,14.232141],[120.9527143,14.2317191],[120.9530402,14.231316],[120.9531446,14.2311822],[120.9532631,14.2310724],[120.9536794,14.2314773],[120.9538521,14.2316567],[120.95395,14.2317633],[120.9540586,14.2319102],[120.9541579,14.2320805],[120.9542397,14.2322885],[120.9542799,14.2324822],[120.9542947,14.2326837],[120.9542826,14.232789],[120.954243,14.2330055],[120.9541618,14.2332102],[120.9540504,14.2333916],[120.9538277,14.2336644],[120.953671,14.2338354],[120.9534455,14.2340436],[120.9531744,14.234286],[120.95281,14.2345348],[120.952498,14.2347188],[120.9523554,14.2348091],[120.952146,14.2349777],[120.9519782,14.2351805],[120.9518295,14.2354],[120.9516207,14.2356848],[120.9515145,14.2358022],[120.9512799,14.2359592],[120.9510706,14.2360284],[120.9508713,14.2360592],[120.9506651,14.2360539],[120.9501891,14.2359404],[120.950021,14.2357911],[120.9499173,14.2356488],[120.9498582,14.2354995],[120.9498263,14.23528],[120.9498046,14.2350676]]]]},"properties":{"highway":"residential"}},{"type":"Feature","geometry":{"type":"MultiPolygon","coordinates":[[[[120.945026,14.330293],[120.9450353,14.3302618],[120.9450537,14.330235],[120.9450796,14.3302149],[120.9451105,14.3302032],[120.9451437,14.3302011],[120.9451772,14.3302094],[120.9452064,14.3302274],[120.9452283,14.3302534],[120.9452406,14.3302848],[120.9452422,14.3303183],[120.9452328,14.3303506],[120.9452134,14.3303784],[120.945186,14.3303989],[120.9451534,14.33041],[120.9451188,14.3304107],[120.9450857,14.3304007],[120.9450583,14.330382],[120.9450381,14.3303561],[120.945027,14.3303255],[120.945026,14.330293]]]]},"properties":{"highway":"service","junction":"roundabout","oneway":"yes","oneway:bicycle":"yes","sidewalk":"right","smoking":"no","smoothness":"good","surface":"concrete"}},{"type":"Feature","geometry":{"type":"MultiPolygon","coordinates":[[[[120.9530387,14.3003261],[120.9532999,14.2997461],[120.9534028,14.2997897],[120.9535241,14.2998409],[120.9532629,14.3004209],[120.9531416,14.3003696],[120.9530387,14.3003261]]]]},"properties":{"highway":"service","indoor":"yes","layer":"-1","maxspeed":"10","oneway":"yes","service":"parking_aisle","surface":"concrete","tunnel":"building_passage"}},{"type":"Feature","geometry":{"type":"MultiPolygon","coordinates":[[[[120.9798019,14.3042228],[120.9798055,14.3042041],[120.9798152,14.3041875],[120.9798299,14.3041748],[120.979848,14.3041675],[120.9798676,14.3041663],[120.9798866,14.3041713],[120.9799029,14.304182],[120.9799146,14.3041973],[120.9799206,14.3042155],[120.9799202,14.3042345],[120.9799137,14.3042519],[120.9799019,14.3042664],[120.979886,14.3042765],[120.9798675,14.3042813],[120.9798485,14.3042802],[120.9798298,14.3042727],[120.9798147,14.3042595],[120.9798051,14.3042422],[120.9798019,14.3042228]]]]},"properties":{"highway":"residential","junction":"roundabout","lanes":"1","oneway:bicycle":"yes","smoothness":"good","surface":"concrete"}},{"type":"Feature","geometry":{"type":"MultiPolygon","coordinates":[[[[120.9844602,14.3090192],[120.9844635,14.3089872],[120.9844761,14.3089576],[120.9844971,14.3089327],[120.9845277,14.3089134],[120.984563,14.3089045],[120.9845994,14.3089069],[120.9846331,14.3089203],[120.9846583,14.3089407],[120.9846764,14.3089672],[120.9846859,14.3089976],[120.9846861,14.3090294],[120.9846769,14.3090599],[120.984659,14.3090866],[120.9846389,14.3091041],[120.9846151,14.3091165],[120.9845889,14.3091231],[120.9845585,14.3091231],[120.9845292,14.3091153],[120.9845031,14.3091003],[120.984482,14.3090791],[120.9844665,14.3090507],[120.9844602,14.3090192]]]]},"properties":{"highway":"residential","junction":"roundabout","lanes":"1","oneway":"yes","smoothness":"good","surface":"concrete"}},{"type":"Feature","geometry":{"type":"MultiPolygon","coordinates":[[[[120.9814605,14.3013588],[120.9814638,14.3013399],[120.9814734,14.3013231],[120.9814881,14.3013103],[120.9815064,14.3013029],[120.9815256,14.3013018],[120.9815442,14.3013067],[120.9815602,14.3013172],[120.9815718,14.3013321],[120.9815778,14.3013498],[120.9815777,14.3013685],[120.9815714,14.301386],[120.9815596,14.3014006],[120.9815436,14.3014108],[120.9815251,14.3014156],[120.9815061,14.3014143],[120.9814884,14.3014072],[120.9814736,14.3013945],[120.9814639,14.3013777],[120.9814605,14.3013588]]]]},"properties":{"highway":"residential","junction":"roundabout","lanes":"1","oneway:bicycle":"yes","smoothness":"good","surface":"concrete"}},{"type":"Feature","geometry":{"type":"MultiPolygon","coordinates":[[[[120.9798374,14.3050064],[120.979849,14.304934],[120.9799388,14.3046394],[120.9800111,14.3047795],[120.9803651,14.3056739],[120.9803767,14.3057169],[120.9803651,14.3057463],[120.9803417,14.3057757],[120.9802974,14.3057983],[120.9802413,14.3058051],[120.9801829,14.3057983],[120.9801339,14.3057757],[120.9800989,14.305744],[120.9798467,14.305106],[120.9798374,14.3050607],[120.9798374,14.3050064]]]]},"properties":{"fixme":"name","highway":"residential","lanes":"2","lanes:backward":"1","lanes:forward":"1","noname":"yes","smoothness":"good","surface":"concrete"}},{"type":"Feature","geometry":{"type":"MultiPolygon","coordinates":[[[[120.9801803,14.3018913],[120.980185,14.301866],[120.9801977,14.3018434],[120.9802171,14.3018259],[120.9802413,14.3018152],[120.9802685,14.3018125],[120.9802951,14.3018186],[120.9803188,14.3018332],[120.9803361,14.3018546],[120.980345,14.3018804],[120.9803445,14.3019076],[120.9803347,14.3019331],[120.9803166,14.3019539],[120.9802925,14.3019677],[120.9802649,14.3019729],[120.9802386,14.3019693],[120.9802148,14.3019579],[120.980196,14.3019397],[120.9801841,14.3019167],[120.9801803,14.3018913]]]]},"properties":{"highway":"footway"}},{"type":"Feature","geometry":{"type":"MultiPolygon","coordinates":[[[[120.9868837,14.3625889],[120.9868877,14.3624997],[120.9869049,14.3624823],[120.9869284,14.3624712],[120.9870619,14.3624764],[120.9870813,14.3624836],[120.9870958,14.3625023],[120.9871038,14.3625491],[120.9870831,14.3625974],[120.9870639,14.3626135],[120.9870384,14.3626207],[120.9869345,14.3626181],[120.9869056,14.362609],[120.9868837,14.3625889]]]]},"properties":{"access":"private","highway":"service"}},{"type":"Feature","geometry":{"type":"MultiPolygon","coordinates":[[[[120.9868918,14.362983],[120.9869093,14.3629669],[120.9869371,14.362961],[120.9870511,14.3629597],[120.9870773,14.3629656],[120.9871005,14.3629785],[120.9871039,14.3630285],[120.9871032,14.363069],[120.9870826,14.3630871],[120.9870578,14.3630936],[120.9869291,14.3630962],[120.9869053,14.3630845],[120.9868918,14.363067],[120.9868918,14.362983]]]]},"properties":{"access":"private","highway":"service"}},{"type":"Feature","geometry":{"type":"MultiPolygon","coordinates":[[[[120.9868944,14.363459],[120.9869056,14.363443],[120.9869271,14.3634326],[120.9870773,14.3634359],[120.9870974,14.3634443],[120.9871105,14.363464],[120.9871133,14.3635153],[120.9871053,14.3635662],[120.9870894,14.3635814],[120.9870686,14.3635924],[120.9869304,14.363595],[120.9869056,14.3635853],[120.9868946,14.3635658],[120.9868944,14.363459]]]]},"properties":{"access":"private","highway":"service"}},{"type":"Feature","geometry":{"type":"MultiPolygon","coordinates":[[[[120.9868931,14.3639639],[120.9869049,14.3639413],[120.9869251,14.3639302],[120.9870002,14.3639224],[120.9870637,14.3639308],[120.9870981,14.3639549],[120.9871139,14.3639997],[120.9870797,14.3640493],[120.9870015,14.3640718],[120.9869324,14.364066],[120.986912,14.3640572],[120.9868945,14.3640414],[120.9868931,14.3639639]]]]},"properties":{"access":"private","highway":"service"}},{"type":"Feature","geometry":{"type":"MultiPolygon","coordinates":[[[[120.9851894,14.3630144],[120.9852004,14.3629857],[120.9852226,14.3629617],[120.9852483,14.3629466],[120.9852963,14.3629363],[120.9853466,14.3629389],[120.9853852,14.3629518],[120.9854083,14.3629721],[120.9854217,14.362989],[120.9854278,14.3630136],[120.9854237,14.3630383],[120.9853989,14.3630714],[120.9853558,14.3630872],[120.9852463,14.3630858],[120.9852145,14.3630714],[120.9852004,14.3630481],[120.9851894,14.3630144]]]]},"properties":{"access":"private","highway":"service","oneway":"yes"}},{"type":"Feature","geometry":{"type":"MultiPolygon","coordinates":[[[[120.9859717,14.3625543],[120.985987,14.3625128],[120.9860053,14.3624958],[120.9860299,14.3624764],[120.9861694,14.3624719],[120.9861905,14.3624848],[120.9862116,14.3625011],[120.9862086,14.3625786],[120.9861881,14.3626044],[120.9861593,14.3626142],[120.9860386,14.3626096],[120.9859945,14.3625961],[120.9859717,14.3625543]]]]},"properties":{"access":"private","highway":"service"}},{"type":"Feature","geometry":{"type":"MultiPolygon","coordinates":[[[[120.9859794,14.3630797],[120.9859797,14.3630363],[120.9859844,14.3629921],[120.985998,14.3629659],[120.9860312,14.3629539],[120.9861761,14.3629519],[120.9861953,14.3629596],[120.9862066,14.3629772],[120.9862052,14.363069],[120.986191,14.3630898],[120.9861687,14.363104],[120.9860195,14.3631082],[120.985994,14.3631004],[120.9859794,14.3630797]]]]},"properties":{"access":"private","highway":"service"}},{"type":"Feature","geometry":{"type":"MultiPolygon","coordinates":[[[[120.9859793,14.3634758],[120.9859918,14.3634569],[120.9860155,14.3634495],[120.9861861,14.3634466],[120.9861986,14.3634579],[120.9862079,14.3634729],[120.9862016,14.3635686],[120.9861888,14.3635853],[120.9861697,14.3635918],[120.9860063,14.3635815],[120.9859917,14.363573],[120.9859853,14.3635619],[120.9859797,14.3635274],[120.9859793,14.3634758]]]]},"properties":{"access":"private","highway":"service"}},{"type":"Feature","geometry":{"type":"MultiPolygon","coordinates":[[[[120.9859757,14.3640572],[120.9859777,14.3640134],[120.9859771,14.3639627],[120.9859977,14.3639426],[120.9860212,14.3639328],[120.9861633,14.3639354],[120.9861834,14.3639465],[120.9861992,14.3639634],[120.9861955,14.3640602],[120.9861801,14.3640777],[120.9861576,14.3640864],[120.9859997,14.3640848],[120.9859856,14.3640722],[120.9859757,14.3640572]]]]},"properties":{"access":"private","highway":"service"}},{"type":"Feature","geometry":{"type":"MultiPolygon","coordinates":[[[[120.9666847,14.2768214],[120.9667118,14.276736],[120.9669537,14.2759745],[120.9669741,14.2759521],[120.9669983,14.2759479],[120.9671233,14.2759861],[120.9672059,14.2760115],[120.9672238,14.2760331],[120.9672242,14.2760592],[120.9670829,14.2765072],[120.9669854,14.2768163],[120.9669413,14.2769562],[120.9669234,14.2769661],[120.9669055,14.2769688],[120.9668891,14.2769672],[120.9668142,14.2769296],[120.9666948,14.2768712],[120.9666865,14.2768518],[120.9666847,14.2768214]]]]},"properties":{"bicycle":"dismount","footway":"sidewalk","highway":"footway","smoothness":"good","surface":"concrete","tactile_paving":"no","wheelchair":"yes","width":"1.2"}},{"type":"Feature","geometry":{"type":"MultiPolygon","coordinates":[[[[120.9402046,14.3267952],[120.9402088,14.3267816],[120.9402671,14.3265859],[120.9402729,14.3265668],[120.9405077,14.3266382],[120.9404394,14.3268401],[120.9404321,14.3268614],[120.9402046,14.3267952]]]]},"properties":{"bicycle":"dismount","bridge":"viaduct","covered":"yes","highway":"footway","layer":"1","lit":"yes","name":"Dasmariñas Quad Footbridge","oneway":"yes","roof:shape":"flat","smoking":"no","surface":"concrete","tactile_paving":"no","wheelchair":"yes","width":"3"}},{"type":"Feature","geometry":{"type":"MultiPolygon","coordinates":[[[[120.983967,14.271191],[120.9839673,14.2711587],[120.9839794,14.271123],[120.9840028,14.2710931],[120.984035,14.2710723],[120.9840725,14.2710628],[120.9841111,14.2710657],[120.984142,14.271078],[120.9841681,14.2710981],[120.9841873,14.2711247],[120.9841979,14.2711553],[120.9841991,14.2711877],[120.9841909,14.271219],[120.9841739,14.2712468],[120.9841485,14.2712694],[120.9841175,14.2712839],[120.9840835,14.271289],[120.9840495,14.2712843],[120.9840192,14.2712707],[120.9839941,14.2712494],[120.9839762,14.2712221],[120.983967,14.271191]]]]},"properties":{"access":"private","highway":"residential","junction":"roundabout","oneway":"yes","oneway:bicycle":"yes","smoothness":"good","surface":"concrete"}},{"type":"Feature","geometry":{"type":"MultiPolygon","coordinates":[[[[120.9702758,14.2773854],[120.9702762,14.2773772],[120.9702793,14.2773696],[120.9702847,14.2773633],[120.9702919,14.277359],[120.9702977,14.2773574],[120.9703037,14.2773572],[120.9703096,14.2773583],[120.9703166,14.2773615],[120.9703223,14.2773666],[120.9703263,14.2773735],[120.970328,14.2773813],[120.9703271,14.2773893],[120.9703237,14.2773965],[120.9703181,14.2774024],[120.9703114,14.2774061],[120.9703039,14.2774078],[120.9702962,14.2774073],[120.970289,14.2774046],[120.9702829,14.2774],[120.9702781,14.2773933],[120.9702758,14.2773854]]]]},"properties":{"highway":"corridor","indoor":"yes","level":"0","smoking":"no","smoothness":"good","tactile_paving":"no","wheelchair":"yes","width":"1"}},{"type":"Feature","geometry":{"type":"MultiPolygon","coordinates":[[[[120.9730517,14.2524333],[120.9730553,14.2524098],[120.9730664,14.2523885],[120.9730838,14.2523718],[120.9731058,14.2523611],[120.9731301,14.2523577],[120.9731424,14.2523588],[120.9731631,14.2523653],[120.9731811,14.2523772],[120.9731949,14.2523935],[120.9732035,14.2524129],[120.9732063,14.2524338],[120.9732028,14.2524546],[120.9731936,14.2524737],[120.973177,14.2524913],[120.9731556,14.2525029],[120.9731315,14.2525074],[120.9731072,14.2525044],[120.973085,14.2524942],[120.9730673,14.2524777],[120.9730558,14.2524567],[120.9730517,14.2524333]]]]},"properties":{"highway":"footway","noname":"yes","oneway":"yes","wheelchair":"yes"}},{"type":"Feature","geometry":{"type":"MultiPolygon","coordinates":[[[[120.973417,14.251466],[120.9734182,14.2514527],[120.9734236,14.2514405],[120.9734325,14.2514305],[120.9734442,14.2514237],[120.9734575,14.2514207],[120.9734712,14.2514218],[120.9734838,14.2514269],[120.9734942,14.2514355],[120.9735013,14.2514468],[120.9735045,14.2514597],[120.9735034,14.2514729],[120.9734982,14.2514853],[120.9734892,14.2514954],[120.9734775,14.2515024],[120.9734641,14.2515055],[120.9734503,14.2515044],[120.9734376,14.2514992],[120.9734272,14.2514905],[120.9734201,14.2514791],[120.973417,14.251466]]]]},"properties":{"highway":"footway"}},{"type":"Feature","geometry":{"type":"MultiPolygon","coordinates":[[[[120.9553697,14.301991],[120.9553707,14.3019788],[120.9553734,14.3019669],[120.9553836,14.3019459],[120.9553993,14.3019283],[120.9554195,14.3019157],[120.9554425,14.3019091],[120.9554664,14.3019088],[120.9554896,14.301915],[120.9555094,14.3019268],[120.9555253,14.3019433],[120.955536,14.3019633],[120.9555407,14.3019854],[120.9555403,14.3020012],[120.9555368,14.3020165],[120.9555245,14.3020399],[120.9555125,14.3020528],[120.9554979,14.302063],[120.9554816,14.30207],[120.9554641,14.3020736],[120.9554411,14.3020728],[120.9554192,14.3020662],[120.9553999,14.3020542],[120.9553845,14.3020376],[120.9553791,14.3020289],[120.9553749,14.3020195],[120.955371,14.3020055],[120.9553697,14.301991]]]]},"properties":{"description":"One-way in effect due to physical distancing measures vs. COVID-19","highway":"corridor","indoor":"yes","level":"0;1;2","oneway":"yes","oneway:foot":"yes","tactile_paving":"no","wheelchair":"yes","width":"4.5"}},{"type":"Feature","geometry":{"type":"MultiPolygon","coordinates":[[[[120.9559484,14.301547],[120.9559551,14.3015192],[120.9559695,14.3014944],[120.9559905,14.3014744],[120.9560164,14.3014609],[120.9560452,14.301455],[120.9560745,14.3014572],[120.9561021,14.3014672],[120.9561158,14.3014759],[120.9561279,14.3014867],[120.9561386,14.3014996],[120.9561469,14.3015141],[120.9561522,14.3015281],[120.9561553,14.3015428],[120.9561554,14.3015673],[120.9561495,14.3015911],[120.9561383,14.3016121],[120.9561224,14.30163],[120.9561026,14.3016438],[120.9560801,14.3016527],[120.9560573,14.3016563],[120.9560343,14.301655],[120.9560122,14.3016487],[120.955993,14.3016386],[120.9559764,14.3016248],[120.9559661,14.3016123],[120.9559579,14.3015985],[120.9559533,14.3015872],[120.9559501,14.3015755],[120.9559484,14.301547]]]]},"properties":{"description":"One-way in effect due to physical distancing measures vs. COVID-19","highway":"corridor","indoor":"yes","level":"0;1;2","oneway":"yes","oneway:foot":"yes","tactile_paving":"no","wheelchair":"yes","width":"4.5"}},{"type":"Feature","geometry":{"type":"MultiPolygon","coordinates":[[[[120.9571291,14.3007236],[120.9571296,14.3007025],[120.9571346,14.300682],[120.9571439,14.3006629],[120.9571571,14.3006461],[120.9571736,14.3006324],[120.9571926,14.3006223],[120.9572135,14.3006162],[120.9572352,14.3006145],[120.9572567,14.3006172],[120.9572773,14.3006242],[120.9573042,14.3006421],[120.9573241,14.3006673],[120.9573297,14.300679],[120.9573336,14.3006912],[120.957336,14.3007038],[120.9573351,14.3007324],[120.957326,14.3007596],[120.9573073,14.3007853],[120.9572813,14.3008042],[120.9572506,14.3008144],[120.9572299,14.3008158],[120.9572094,14.3008133],[120.9571898,14.3008069],[120.9571754,14.3007992],[120.9571624,14.3007893],[120.9571508,14.3007772],[120.9571415,14.3007634],[120.9571355,14.3007507],[120.9571313,14.3007374],[120.9571291,14.3007236]]]]},"properties":{"description":"One-way in effect due to physical distancing measures vs. COVID-19","highway":"corridor","indoor":"yes","level":"0;1;2","oneway":"yes","oneway:foot":"yes","tactile_paving":"no","wheelchair":"yes","width":"4.5"}},{"type":"Feature","geometry":{"type":"MultiPolygon","coordinates":[[[[120.9952239,14.3155666],[120.9952298,14.3155456],[120.9952418,14.3155272],[120.9952587,14.315513],[120.9952792,14.3155041],[120.9953015,14.3155015],[120.9953248,14.3155056],[120.9953457,14.3155165],[120.9953621,14.3155331],[120.9953725,14.3155537],[120.9953758,14.3155781],[120.9953706,14.3156023],[120.9953575,14.3156234],[120.9953379,14.3156392],[120.9953141,14.3156479],[120.9952887,14.3156485],[120.995266,14.3156417],[120.9952466,14.3156284],[120.9952323,14.31561],[120.9952245,14.3155883],[120.9952239,14.3155666]]]]},"properties":{"access":"private","highway":"residential","junction":"roundabout","name":"Mabuhay Circle","oneway":"yes","oneway:bicycle":"yes"}},{"type":"Feature","geometry":{"type":"MultiPolygon","coordinates":[[[[120.9538138,14.322921],[120.9538146,14.3229134],[120.9538153,14.3229071],[120.9538215,14.3228945],[120.9538318,14.3228847],[120.9538449,14.3228789],[120.9538593,14.3228778],[120.953872,14.3228809],[120.9538831,14.3228878],[120.9538914,14.3228976],[120.9538962,14.3229094],[120.953897,14.3229222],[120.9538959,14.3229261],[120.9538936,14.3229345],[120.9538865,14.3229451],[120.9538762,14.3229531],[120.9538639,14.3229577],[120.9538508,14.3229583],[120.953837,14.3229543],[120.9538254,14.3229461],[120.9538173,14.3229345],[120.9538138,14.322921]]]]},"properties":{"highway":"footway"}},{"type":"Feature","geometry":{"type":"MultiPolygon","coordinates":[[[[120.9565841,14.3010834],[120.9565906,14.3010505],[120.9566061,14.3010205],[120.9566294,14.3009957],[120.9566616,14.3009767],[120.9566981,14.3009678],[120.9567358,14.3009697],[120.9567711,14.3009822],[120.9567927,14.3009966],[120.9568107,14.3010151],[120.9568245,14.3010367],[120.9568333,14.3010606],[120.9568368,14.3010967],[120.9568292,14.3011322],[120.9568112,14.3011639],[120.9567844,14.3011892],[120.9567516,14.3012057],[120.9567153,14.3012123],[120.9566786,14.3012084],[120.9566446,14.3011944],[120.9566185,14.3011739],[120.9565988,14.3011474],[120.9565871,14.3011168],[120.9565841,14.3010834]]]]},"properties":{"description":"One-way in effect due to physical distancing measures vs. COVID-19","highway":"corridor","indoor":"yes","level":"0;1;2","oneway":"yes","oneway:foot":"yes","tactile_paving":"no","wheelchair":"yes","width":"4.5"}},{"type":"Feature","geometry":{"type":"MultiPolygon","coordinates":[[[[120.9574867,14.300449],[120.9574894,14.300428],[120.9574965,14.300408],[120.9575078,14.3003899],[120.9575227,14.3003745],[120.9575406,14.3003624],[120.9575608,14.3003542],[120.9575822,14.3003503],[120.957604,14.3003508],[120.9576253,14.3003557],[120.957645,14.3003648],[120.9576623,14.3003776],[120.9576765,14.3003937],[120.9576868,14.3004123],[120.957693,14.3004326],[120.9576945,14.300456],[120.9576905,14.3004792],[120.957681,14.3005008],[120.9576666,14.3005196],[120.9576481,14.3005348],[120.9576264,14.3005454],[120.9576029,14.3005508],[120.9575787,14.3005508],[120.9575551,14.3005454],[120.9575371,14.3005368],[120.9575244,14.3005283],[120.9575117,14.3005162],[120.9575013,14.3005022],[120.9574936,14.3004867],[120.9574887,14.3004701],[120.9574867,14.300449]]]]},"properties":{"description":"One-way in effect due to physical distancing measures vs. COVID-19","highway":"corridor","indoor":"yes","level":"2","oneway":"yes","oneway:foot":"yes","tactile_paving":"no","wheelchair":"yes","width":"4.5"}},{"type":"Feature","geometry":{"type":"MultiPolygon","coordinates":[[[[120.9669962,14.2769917],[120.9670247,14.2769015],[120.9672833,14.2760825],[120.9673033,14.2760598],[120.9673275,14.2760552],[120.9675334,14.2761235],[120.9675488,14.2761365],[120.9675495,14.2761573],[120.9672487,14.2771346],[120.967228,14.2771464],[120.9672065,14.277146],[120.9671007,14.277092],[120.967015,14.2770483],[120.9670003,14.2770268],[120.9669962,14.2769917]]]]},"properties":{"bicycle":"dismount","footway":"sidewalk","highway":"footway","smoothness":"good","surface":"concrete","tactile_paving":"no","wheelchair":"yes","width":"1.2"}},{"type":"Feature","geometry":{"type":"MultiPolygon","coordinates":[[[[120.9663681,14.2766565],[120.9663823,14.2766135],[120.9666177,14.2758777],[120.9666381,14.2758553],[120.9666624,14.2758511],[120.9668792,14.2759121],[120.966895,14.2759298],[120.9668988,14.2759565],[120.9666574,14.2766875],[120.9666355,14.276752],[120.9666183,14.2768031],[120.9665987,14.2768139],[120.9665759,14.2768139],[120.9664736,14.2767598],[120.966386,14.2767134],[120.9663696,14.2766901],[120.9663681,14.2766565]]]]},"properties":{"bicycle":"dismount","footway":"sidewalk","highway":"footway","smoothness":"good","surface":"concrete","tactile_paving":"no","wheelchair":"yes","width":"1.2"}},{"type":"Feature","geometry":{"type":"MultiPolygon","coordinates":[[[[120.9854971,14.2867004],[120.9854986,14.2866761],[120.9855077,14.2866535],[120.9855236,14.2866347],[120.9855454,14.2866213],[120.9855704,14.2866153],[120.9855961,14.2866172],[120.9856198,14.2866269],[120.9856392,14.2866434],[120.9856522,14.286665],[120.9856574,14.2866894],[120.9856544,14.2867142],[120.9856435,14.2867368],[120.9856271,14.286754],[120.9856061,14.2867656],[120.9855825,14.2867706],[120.9855585,14.2867687],[120.9855361,14.2867599],[120.9855168,14.2867444],[120.9855034,14.2867239],[120.9854971,14.2867004]]]]},"properties":{"access":"private","highway":"residential","junction":"roundabout","lanes":"2","maxspeed":"20","smoothness":"excellent","surface":"concrete"}},{"type":"Feature","geometry":{"type":"MultiPolygon","coordinates":[[[[120.9860837,14.2841951],[120.9860894,14.2841621],[120.9861064,14.2841322],[120.9861327,14.2841094],[120.9861644,14.2840966],[120.9861987,14.2840945],[120.9862319,14.2841033],[120.9862603,14.2841221],[120.9862809,14.2841488],[120.9862914,14.2841805],[120.9862919,14.2842052],[120.9862863,14.2842293],[120.9862735,14.2842532],[120.9862547,14.284273],[120.9862311,14.2842873],[120.9861977,14.2842958],[120.9861632,14.2842933],[120.9861315,14.2842801],[120.986106,14.2842575],[120.9860895,14.2842281],[120.9860837,14.2841951]]]]},"properties":{"access":"private","highway":"residential","junction":"roundabout","lanes":"2","maxspeed":"20","oneway":"yes","oneway:bicycle":"yes","smoothness":"excellent","surface":"concrete"}},{"type":"Feature","geometry":{"type":"MultiPolygon","coordinates":[[[[120.9390102,14.3342864],[120.939091,14.3340658],[120.939371,14.3341477],[120.9396093,14.334271],[120.939484,14.3345062],[120.9392578,14.3343958],[120.9390102,14.3342864]]]]},"properties":{"highway":"service"}},{"type":"Feature","geometry":{"type":"MultiPolygon","coordinates":[[[[120.9719076,14.3593557],[120.9719216,14.3593114],[120.9719502,14.3592744],[120.9719901,14.359249],[120.9720364,14.3592381],[120.9720839,14.359243],[120.9721268,14.3592632],[120.9721602,14.3592962],[120.97218,14.3593383],[120.9721841,14.3593843],[120.9721733,14.3594257],[120.9721497,14.3594617],[120.9721157,14.3594887],[120.9720747,14.3595041],[120.9720308,14.3595064],[120.9719883,14.3594952],[120.9719516,14.3594717],[120.9719243,14.3594383],[120.9719091,14.3593983],[120.9719076,14.3593557]]]]},"properties":{"highway":"residential","junction":"roundabout","oneway":"yes","oneway:bicycle":"yes"}},{"type":"Feature","geometry":{"type":"MultiPolygon","coordinates":[[[[120.9716125,14.3544201],[120.9716265,14.3543759],[120.9716551,14.3543389],[120.9716949,14.3543134],[120.9717413,14.3543025],[120.9717605,14.3543045],[120.9717888,14.3543074],[120.9718317,14.3543276],[120.9718651,14.3543607],[120.9718849,14.3544027],[120.9718844,14.3544651],[120.9718782,14.3544901],[120.9718546,14.3545261],[120.9718206,14.3545532],[120.9717796,14.3545686],[120.9717356,14.3545708],[120.9716932,14.3545596],[120.9716565,14.3545361],[120.9716291,14.3545027],[120.971614,14.3544627],[120.9716125,14.3544201]]]]},"properties":{"highway":"residential","junction":"roundabout","oneway":"yes","oneway:bicycle":"yes"}},{"type":"Feature","geometry":{"type":"MultiPolygon","coordinates":[[[[120.9723967,14.3626524],[120.9723998,14.3626262],[120.9724115,14.3626024],[120.9724307,14.3625836],[120.9724551,14.362572],[120.9724822,14.3625688],[120.9725088,14.3625744],[120.9725321,14.362588],[120.9725494,14.3626083],[120.972559,14.362633],[120.9725597,14.362659],[120.9725518,14.3626837],[120.9725361,14.3627047],[120.9725142,14.3627196],[120.9724885,14.3627269],[120.9724618,14.3627259],[120.9724368,14.3627165],[120.9724163,14.3626998],[120.9724024,14.3626777],[120.9723967,14.3626524]]]]},"properties":{"highway":"residential"}},{"type":"Feature","geometry":{"type":"MultiPolygon","coordinates":[[[[120.9715623,14.3621862],[120.971567,14.3621667],[120.9715779,14.3621497],[120.971594,14.3621372],[120.9716135,14.3621304],[120.9716341,14.3621302],[120.9716537,14.3621366],[120.9716701,14.3621489],[120.9716814,14.3621656],[120.9716864,14.362185],[120.9716847,14.3622046],[120.9716765,14.3622225],[120.9716629,14.3622371],[120.9716451,14.3622466],[120.971625,14.36225],[120.971605,14.362247],[120.9715869,14.3622378],[120.971573,14.3622236],[120.9715645,14.3622058],[120.9715623,14.3621862]]]]},"properties":{"highway":"residential"}},{"type":"Feature","geometry":{"type":"MultiPolygon","coordinates":[[[[120.9715563,14.3640285],[120.9715607,14.3640078],[120.9715718,14.3639896],[120.9715883,14.3639761],[120.9716087,14.3639685],[120.9716304,14.3639677],[120.9716512,14.3639739],[120.9716687,14.3639864],[120.9716811,14.3640038],[120.9716869,14.3640241],[120.9716857,14.3640447],[120.9716774,14.3640639],[120.9716635,14.3640795],[120.971645,14.3640899],[120.9716241,14.364094],[120.9716028,14.3640913],[120.9715837,14.3640822],[120.9715686,14.3640675],[120.9715591,14.3640489],[120.9715563,14.3640285]]]]},"properties":{"highway":"residential"}},{"type":"Feature","geometry":{"type":"MultiPolygon","coordinates":[[[[120.9722286,14.3618977],[120.9722348,14.3618806],[120.9722447,14.3618691],[120.9723171,14.3618788],[120.9723372,14.3618874],[120.9727099,14.3621485],[120.9726829,14.3621902],[120.9726532,14.3622205],[120.9723029,14.3619822],[120.972252,14.3619639],[120.9722409,14.3619552],[120.9722286,14.3618977]]]]},"properties":{"highway":"residential"}},{"type":"Feature","geometry":{"type":"MultiPolygon","coordinates":[[[[120.9725408,14.3612703],[120.9725692,14.3612191],[120.9729296,14.3613634],[120.9731446,14.3614925],[120.9730974,14.3615532],[120.9730573,14.3616082],[120.9725408,14.3612703]]]]},"properties":{"highway":"residential"}},{"type":"Feature","geometry":{"type":"MultiPolygon","coordinates":[[[[120.9728505,14.3606774],[120.9728593,14.3606149],[120.9736638,14.3606868],[120.9736302,14.360783],[120.9735815,14.3608662],[120.9732574,14.360788],[120.9729782,14.3606887],[120.9728505,14.3606774]]]]},"properties":{"highway":"residential"}},{"type":"Feature","geometry":{"type":"MultiPolygon","coordinates":[[[[120.9741796,14.3583676],[120.9742381,14.3583704],[120.9750419,14.358552],[120.9750393,14.3587189],[120.9748497,14.3587009],[120.9748312,14.3586992],[120.9748197,14.3586939],[120.9742135,14.3584132],[120.9741796,14.3583676]]]]},"properties":{"highway":"residential"}},{"type":"Feature","geometry":{"type":"MultiPolygon","coordinates":[[[[120.9739985,14.3590673],[120.9740048,14.3590123],[120.974841,14.3593802],[120.9747949,14.3594737],[120.9739985,14.3591135],[120.9739985,14.3590673]]]]},"properties":{"highway":"residential"}},{"type":"Feature","geometry":{"type":"MultiPolygon","coordinates":[[[[120.9726504,14.3597048],[120.9730758,14.3592529],[120.9731166,14.3592168],[120.9731731,14.3592772],[120.97293,14.3595753],[120.972676,14.3597326],[120.9726504,14.3597048]]]]},"properties":{"highway":"residential"}},{"type":"Feature","geometry":{"type":"MultiPolygon","coordinates":[[[[120.9736728,14.3572808],[120.9737632,14.3572919],[120.9742466,14.3574628],[120.9748783,14.3575373],[120.9749595,14.3575662],[120.9749656,14.3576584],[120.9749515,14.3577352],[120.974722,14.3576896],[120.9743193,14.3575678],[120.9738409,14.3574274],[120.973711,14.3573587],[120.9736728,14.3572808]]]]},"properties":{"highway":"residential"}},{"type":"Feature","geometry":{"type":"MultiPolygon","coordinates":[[[[120.9739964,14.3567149],[120.9740737,14.3566983],[120.9742328,14.356729],[120.9749762,14.3567933],[120.9749712,14.3568912],[120.97419,14.3568272],[120.9740427,14.3567788],[120.9739964,14.3567149]]]]},"properties":{"highway":"residential"}},{"type":"Feature","geometry":{"type":"MultiPolygon","coordinates":[[[[120.9741453,14.3560993],[120.9741878,14.3560599],[120.9744072,14.3560548],[120.9749805,14.3559982],[120.9749823,14.3561062],[120.974386,14.3561559],[120.9741701,14.3561422],[120.9741453,14.3560993]]]]},"properties":{"highway":"residential"}},{"type":"Feature","geometry":{"type":"MultiPolygon","coordinates":[[[[120.9740754,14.355559],[120.9741002,14.355511],[120.9749616,14.3552222],[120.9749662,14.3553883],[120.9741338,14.3555915],[120.9740754,14.355559]]]]},"properties":{"fixme":"name","highway":"residential","noname":"yes"}},{"type":"Feature","geometry":{"type":"MultiPolygon","coordinates":[[[[120.973818,14.3550173],[120.9741895,14.354697],[120.9744789,14.3543641],[120.974562,14.3544293],[120.9746374,14.3545616],[120.973864,14.3550653],[120.9738233,14.3550533],[120.973818,14.3550173]]]]},"properties":{"highway":"residential"}},{"type":"Feature","geometry":{"type":"MultiPolygon","coordinates":[[[[120.9733959,14.3546463],[120.9736028,14.3542369],[120.9737952,14.3537907],[120.9739643,14.3538754],[120.9734629,14.3546802],[120.9734046,14.3546802],[120.9733959,14.3546463]]]]},"properties":{"highway":"residential"}},{"type":"Feature","geometry":{"type":"MultiPolygon","coordinates":[[[[120.9728259,14.3544488],[120.9729852,14.3539655],[120.9730896,14.3536186],[120.9731992,14.3536298],[120.9731762,14.3537513],[120.9729253,14.3544726],[120.9728757,14.3544653],[120.9728259,14.3544488]]]]},"properties":{"highway":"residential"}},{"type":"Feature","geometry":{"type":"MultiPolygon","coordinates":[[[[120.9722104,14.3543605],[120.9722289,14.3541738],[120.9723605,14.353819],[120.9723609,14.3538045],[120.9723256,14.3536944],[120.9723276,14.3536847],[120.9723336,14.3536759],[120.9724323,14.3536383],[120.9724446,14.3536434],[120.9724491,14.3536538],[120.9723949,14.3538294],[120.9723159,14.3541839],[120.9723001,14.3543649],[120.9722615,14.3543649],[120.9722104,14.3543605]]]]},"properties":{"highway":"residential"}},{"type":"Feature","geometry":{"type":"MultiPolygon","coordinates":[[[[120.9714857,14.3601982],[120.97154,14.3602275],[120.9715976,14.3602509],[120.9716513,14.3602483],[120.9722078,14.3601418],[120.9722601,14.3601561],[120.9722962,14.3601842],[120.9723069,14.3602355],[120.9722776,14.3602944],[120.9722199,14.3603289],[120.9721474,14.3603535],[120.9719557,14.3603847],[120.9717914,14.360401],[120.971664,14.3603958],[120.9715722,14.3603672],[120.9715131,14.3603107],[120.9714857,14.3601982]]]]},"properties":{"fixme":"name","highway":"residential","noname":"yes","oneway":"yes","oneway:bicycle":"yes","smoothness":"excellent","surface":"concrete"}},{"type":"Feature","geometry":{"type":"MultiPolygon","coordinates":[[[[120.9718005,14.3584786],[120.9718321,14.3584464],[120.9718693,14.3584086],[120.9722721,14.3587387],[120.9721963,14.3588254],[120.9718005,14.3584786]]]]},"properties":{"highway":"residential"}},{"type":"Feature","geometry":{"type":"MultiPolygon","coordinates":[[[[120.972256,14.3579099],[120.972284,14.3578712],[120.9723086,14.357828],[120.9727517,14.3580991],[120.9726642,14.3582205],[120.972256,14.3579099]]]]},"properties":{"highway":"residential"}},{"type":"Feature","geometry":{"type":"MultiPolygon","coordinates":[[[[120.9726474,14.3572961],[120.9726644,14.3572527],[120.9726994,14.357208],[120.9731631,14.3574493],[120.9730943,14.3575678],[120.9726474,14.3572961]]]]},"properties":{"highway":"residential"}},{"type":"Feature","geometry":{"type":"MultiPolygon","coordinates":[[[[120.9730302,14.3566667],[120.9730437,14.3566185],[120.9730663,14.3565768],[120.9735534,14.356764],[120.9734906,14.356899],[120.9730302,14.3566667]]]]},"properties":{"highway":"residential"}},{"type":"Feature","geometry":{"type":"MultiPolygon","coordinates":[[[[120.9733387,14.3559956],[120.9733586,14.3559608],[120.9736014,14.3558199],[120.9737125,14.3558175],[120.9737347,14.3560686],[120.9735767,14.3560901],[120.9733387,14.3559956]]]]},"properties":{"highway":"residential"}},{"type":"Feature","geometry":{"type":"MultiPolygon","coordinates":[[[[120.9729278,14.355468],[120.9729892,14.3552707],[120.9730328,14.3551151],[120.973083,14.3550244],[120.9731065,14.3550079],[120.9731381,14.3550113],[120.9733667,14.3551596],[120.9733912,14.3551999],[120.97339,14.3552363],[120.9733665,14.3552704],[120.9733167,14.3553086],[120.9731992,14.355371],[120.9730384,14.355447],[120.9729721,14.355498],[120.9729482,14.3554825],[120.9729278,14.355468]]]]},"properties":{"highway":"residential"}},{"type":"Feature","geometry":{"type":"MultiPolygon","coordinates":[[[[120.9720931,14.3552409],[120.9721452,14.3547789],[120.9722513,14.3547899],[120.9722,14.3552471],[120.9721553,14.3552441],[120.9720931,14.3552409]]]]},"properties":{"highway":"residential"}},{"type":"Feature","geometry":{"type":"MultiPolygon","coordinates":[[[[120.9711501,14.3551027],[120.9712065,14.3546617],[120.9713209,14.3546754],[120.9712645,14.3551164],[120.9712085,14.3551097],[120.9711501,14.3551027]]]]},"properties":{"highway":"residential"}},{"type":"Feature","geometry":{"type":"MultiPolygon","coordinates":[[[[120.970045,14.35483],[120.9701687,14.3547781],[120.9703215,14.354732],[120.9703807,14.3548731],[120.9703649,14.3552107],[120.9700944,14.3549783],[120.970045,14.35483]]]]},"properties":{"highway":"residential"}},{"type":"Feature","geometry":{"type":"MultiPolygon","coordinates":[[[[120.9693647,14.3553565],[120.9694215,14.3552848],[120.9698732,14.3556028],[120.969841,14.3556424],[120.9698189,14.3556698],[120.9693647,14.3553565]]]]},"properties":{"highway":"residential"}},{"type":"Feature","geometry":{"type":"MultiPolygon","coordinates":[[[[120.968874,14.3559072],[120.9689209,14.3558235],[120.9694713,14.3561391],[120.9694408,14.3561847],[120.969417,14.3562204],[120.968874,14.3559072]]]]},"properties":{"highway":"residential"}},{"type":"Feature","geometry":{"type":"MultiPolygon","coordinates":[[[[120.9685083,14.3565643],[120.9685527,14.356483],[120.9690488,14.3567532],[120.9690229,14.3567979],[120.9690044,14.3568297],[120.9685083,14.3565643]]]]},"properties":{"highway":"residential"}},{"type":"Feature","geometry":{"type":"MultiPolygon","coordinates":[[[[120.9688939,14.3575123],[120.968931,14.3574431],[120.9689573,14.3573754],[120.9693437,14.3576026],[120.9693231,14.357636],[120.9688939,14.3575123]]]]},"properties":{"highway":"residential"}},{"type":"Feature","geometry":{"type":"MultiPolygon","coordinates":[[[[120.9693075,14.356813],[120.9693441,14.3567653],[120.9693867,14.3567096],[120.9698067,14.3569797],[120.9697241,14.3570864],[120.9693075,14.356813]]]]},"properties":{"highway":"residential"}},{"type":"Feature","geometry":{"type":"MultiPolygon","coordinates":[[[[120.9697606,14.3562149],[120.9697924,14.3561721],[120.9698226,14.3561315],[120.9702701,14.3564117],[120.9702081,14.356495],[120.9697606,14.3562149]]]]},"properties":{"highway":"residential"}},{"type":"Feature","geometry":{"type":"MultiPolygon","coordinates":[[[[120.9702283,14.3556335],[120.9702541,14.3555978],[120.9702884,14.3555501],[120.9706285,14.3557805],[120.9705682,14.3558638],[120.9702283,14.3556335]]]]},"properties":{"highway":"residential"}},{"type":"Feature","geometry":{"type":"MultiPolygon","coordinates":[[[[120.9709081,14.3556665],[120.9709164,14.3556265],[120.9714302,14.3557084],[120.9714208,14.3557626],[120.9714112,14.3558174],[120.9709081,14.3556665]]]]},"properties":{"highway":"residential"}},{"type":"Feature","geometry":{"type":"MultiPolygon","coordinates":[[[[120.9706347,14.3562884],[120.9706519,14.3562417],[120.971151,14.3564084],[120.9711046,14.3564876],[120.971065,14.3565552],[120.9706347,14.3562884]]]]},"properties":{"highway":"residential"}},{"type":"Feature","geometry":{"type":"MultiPolygon","coordinates":[[[[120.9702129,14.3568408],[120.9702502,14.3567913],[120.9706914,14.3570633],[120.9706424,14.3571127],[120.9706121,14.3571578],[120.9702129,14.3568408]]]]},"properties":{"highway":"residential"}},{"type":"Feature","geometry":{"type":"MultiPolygon","coordinates":[[[[120.9651095,14.3641298],[120.9651216,14.36409],[120.965134,14.3640489],[120.9657515,14.3642243],[120.965727,14.3643052],[120.9651095,14.3641298]]]]},"properties":{"highway":"residential","surface":"concrete"}},{"type":"Feature","geometry":{"type":"MultiPolygon","coordinates":[[[[120.9639374,14.3642199],[120.9639666,14.3641354],[120.9647394,14.3643858],[120.9647247,14.3644282],[120.9647102,14.3644703],[120.9639374,14.3642199]]]]},"properties":{"highway":"residential","surface":"concrete"}},{"type":"Feature","geometry":{"type":"MultiPolygon","coordinates":[[[[120.9430004,14.3300806],[120.9430028,14.3300643],[120.9430103,14.3300495],[120.9430222,14.3300376],[120.9430372,14.3300299],[120.943054,14.3300271],[120.9430726,14.3300301],[120.9430891,14.330039],[120.9431015,14.3300528],[120.9431082,14.3300699],[120.9431085,14.3300882],[120.9431023,14.3301055],[120.9430904,14.3301197],[120.9430741,14.3301291],[120.9430556,14.3301325],[120.9430387,14.3301302],[120.9430235,14.3301229],[120.9430113,14.3301114],[120.9430033,14.3300969],[120.9430004,14.3300806]]]]},"properties":{"highway":"service","junction":"roundabout","oneway":"yes"}},{"type":"Feature","geometry":{"type":"MultiPolygon","coordinates":[[[[120.9622302,14.3242794],[120.9622332,14.324258],[120.9622435,14.3242388],[120.9622585,14.3242249],[120.9622772,14.3242164],[120.9622977,14.3242139],[120.962318,14.3242178],[120.9623361,14.3242276],[120.96235,14.3242425],[120.9623584,14.3242608],[120.9623605,14.3242807],[120.9623561,14.3243003],[120.9623455,14.3243175],[120.9623285,14.3243316],[120.9623076,14.3243392],[120.9622852,14.3243395],[120.9622641,14.3243325],[120.9622466,14.324319],[120.9622349,14.3243006],[120.9622302,14.3242794]]]]},"properties":{"highway":"footway"}},{"type":"Feature","geometry":{"type":"MultiPolygon","coordinates":[[[[120.9620458,14.2925228],[120.9620474,14.2925139],[120.9620517,14.2925058],[120.9620585,14.2924994],[120.9620669,14.2924954],[120.9620762,14.2924941],[120.9620855,14.2924957],[120.9620938,14.2925],[120.9621004,14.2925066],[120.9621044,14.2925148],[120.9621057,14.2925239],[120.962104,14.2925328],[120.9620996,14.2925408],[120.9620928,14.292547],[120.9620844,14.2925509],[120.9620752,14.2925522],[120.962066,14.2925506],[120.9620578,14.2925464],[120.9620513,14.2925399],[120.9620472,14.2925318],[120.9620458,14.2925228]]]]},"properties":{"highway":"footway"}},{"type":"Feature","geometry":{"type":"MultiPolygon","coordinates":[[[[120.9614497,14.2923181],[120.9614506,14.292312],[120.9614532,14.292307],[120.9614574,14.292303],[120.9614626,14.2923004],[120.9614684,14.2922996],[120.9614742,14.2923005],[120.9614793,14.2923032],[120.9614834,14.2923072],[120.961486,14.2923123],[120.9614868,14.2923179],[120.9614857,14.2923235],[120.9614826,14.2923289],[120.9614778,14.292333],[120.9614718,14.2923352],[120.9614654,14.2923354],[120.9614593,14.2923334],[120.9614543,14.2923295],[120.961451,14.2923242],[120.9614497,14.2923181]]]]},"properties":{"highway":"footway"}},{"type":"Feature","geometry":{"type":"MultiPolygon","coordinates":[[[[120.968279,14.2776974],[120.9682803,14.2776623],[120.9685714,14.2767226],[120.9685928,14.276709],[120.9686163,14.2767103],[120.968739,14.2768157],[120.9687654,14.2768412],[120.9687785,14.2768721],[120.9687792,14.276902],[120.9685335,14.2776694],[120.9684946,14.2777909],[120.9684738,14.2778027],[120.9684524,14.2778023],[120.9682957,14.2777267],[120.968279,14.2776974]]]]},"properties":{"bicycle":"dismount","footway":"sidewalk","highway":"footway","smoothness":"good","surface":"concrete","tactile_paving":"no","wheelchair":"yes","width":"1.2"}},{"type":"Feature","geometry":{"type":"MultiPolygon","coordinates":[[[[120.9661768,14.2748326],[120.966181,14.2748094],[120.9661991,14.2747508],[120.9662957,14.2744391],[120.9665762,14.273537],[120.9665972,14.2734707],[120.9666105,14.2734491],[120.9666276,14.2734372],[120.9666463,14.2734322],[120.966667,14.2734338],[120.9668561,14.2734877],[120.96687,14.2734969],[120.9668778,14.273511],[120.9668778,14.2735276],[120.9664724,14.274895],[120.9664571,14.2749212],[120.9664322,14.2749357],[120.9664026,14.274937],[120.966344,14.274918],[120.9661961,14.2748701],[120.9661821,14.2748527],[120.9661768,14.2748326]]]]},"properties":{"footway":"sidewalk","highway":"footway","smoothness":"intermediate","surface":"concrete","tactile_paving":"no","wheelchair":"yes","width":"1.2"}},{"type":"Feature","geometry":{"type":"MultiPolygon","coordinates":[[[[120.9274917,14.3105808],[120.9276312,14.3105678],[120.9276538,14.3107967],[120.9275143,14.3108096],[120.9274917,14.3105808]]]]},"properties":{"highway":"pedestrian","leisure":"pitch"}},{"type":"Feature","geometry":{"type":"MultiPolygon","coordinates":[[[[120.9501466,14.3314107],[120.950148,14.3313899],[120.950215,14.331269],[120.9502405,14.3312573],[120.9502727,14.3312508],[120.9502995,14.3312612],[120.9506336,14.3314418],[120.9508869,14.3315783],[120.950899,14.3316017],[120.950899,14.3316329],[120.9507595,14.3319252],[120.9507407,14.3319408],[120.9507112,14.3319447],[120.9505838,14.3318966],[120.9505717,14.3318836],[120.9505729,14.3318635],[120.9506274,14.3317203],[120.9506308,14.3316959],[120.950624,14.3316796],[120.9506123,14.3316672],[120.9505912,14.3316517],[120.9501627,14.3314276],[120.9501466,14.3314107]]]]},"properties":{"foot":"designated","footway":"sidewalk","highway":"footway"}},{"type":"Feature","geometry":{"type":"MultiPolygon","coordinates":[[[[120.966526,14.2749321],[120.9669448,14.273547],[120.9669667,14.2735243],[120.9669994,14.2735215],[120.9672163,14.2735829],[120.9672294,14.2735932],[120.9672314,14.2736111],[120.9668497,14.2749047],[120.9668216,14.2749995],[120.9668093,14.275022],[120.9667862,14.2750361],[120.9667588,14.2750367],[120.9666329,14.2749983],[120.9665476,14.2749723],[120.9665308,14.2749556],[120.966526,14.2749321]]]]},"properties":{"footway":"sidewalk","highway":"footway","smoothness":"intermediate","surface":"concrete","tactile_paving":"no","wheelchair":"yes","width":"1.2"}},{"type":"Feature","geometry":{"type":"MultiPolygon","coordinates":[[[[120.9320407,14.3254551],[120.932043,14.3254221],[120.9320562,14.3253915],[120.9320789,14.3253668],[120.9321034,14.3253526],[120.9321309,14.3253454],[120.9321598,14.3253457],[120.9321875,14.3253539],[120.9322118,14.325369],[120.9322309,14.3253901],[120.9322444,14.3254195],[120.9322477,14.3254516],[120.9322399,14.3254839],[120.9322217,14.325512],[120.9322109,14.3255205],[120.9321951,14.3255328],[120.932163,14.3255441],[120.9321287,14.3255447],[120.9320962,14.3255345],[120.9320689,14.3255146],[120.9320497,14.3254872],[120.9320407,14.3254551]]]]},"properties":{"cycleway:right":"lane","highway":"residential","junction":"roundabout","lanes":"1","oneway":"yes","oneway:bicycle":"yes","smoothness":"good","surface":"concrete"}},{"type":"Feature","geometry":{"type":"MultiPolygon","coordinates":[[[[120.9730393,14.2513539],[120.9730459,14.2513325],[120.9730617,14.2513162],[120.9730834,14.2513085],[120.9731063,14.2513111],[120.9731239,14.2513216],[120.9731356,14.251338],[120.9731395,14.2513577],[120.9731349,14.2513772],[120.9731208,14.2513947],[120.9731001,14.2514043],[120.9730771,14.251404],[120.9730568,14.2513938],[120.9730432,14.2513759],[120.9730393,14.2513539]]]]},"properties":{"highway":"footway"}},{"type":"Feature","geometry":{"type":"MultiPolygon","coordinates":[[[[120.9360435,14.286838],[120.936052,14.2868089],[120.9360713,14.2867851],[120.9360984,14.2867702],[120.9361294,14.2867664],[120.936154,14.2867718],[120.9361757,14.2867844],[120.9361923,14.2868029],[120.9362022,14.2868254],[120.9362045,14.2868497],[120.9361987,14.2868741],[120.9361853,14.2868954],[120.9361656,14.2869115],[120.9361417,14.2869208],[120.936116,14.2869223],[120.9360861,14.2869136],[120.9360619,14.2868946],[120.9360469,14.286868],[120.9360435,14.286838]]]]},"properties":{"access":"private","highway":"residential","junction":"roundabout","oneway":"yes","smoothness":"good","surface":"concrete"}},{"type":"Feature","geometry":{"type":"MultiPolygon","coordinates":[[[[120.960283,14.2975906],[120.9602857,14.2975679],[120.9602961,14.2975475],[120.9603131,14.2975316],[120.9603354,14.297522],[120.9603597,14.2975206],[120.960383,14.2975274],[120.9604024,14.2975416],[120.9604155,14.2975615],[120.9604206,14.2975843],[120.9604173,14.2976074],[120.960406,14.297628],[120.9603881,14.2976436],[120.9603657,14.2976523],[120.9603421,14.297653],[120.9603197,14.297646],[120.960301,14.2976321],[120.9602883,14.2976129],[120.960283,14.2975906]]]]},"properties":{"access":"private","highway":"residential","junction":"roundabout","maxspeed":"30","oneway":"yes","smoothness":"good","surface":"concrete"}},{"type":"Feature","geometry":{"type":"MultiPolygon","coordinates":[[[[120.9878377,14.2644634],[120.9878452,14.2644447],[120.9878594,14.26443],[120.9878783,14.2644216],[120.987899,14.2644207],[120.9879186,14.2644274],[120.9879341,14.2644407],[120.9879434,14.2644587],[120.987945,14.2644788],[120.9879387,14.2644979],[120.9879254,14.2645134],[120.9879071,14.2645229],[120.9878865,14.2645251],[120.9878665,14.2645196],[120.9878487,14.2645055],[120.9878385,14.2644856],[120.9878377,14.2644634]]]]},"properties":{"access":"private","highway":"residential","junction":"roundabout","oneway":"yes"}},{"type":"Feature","geometry":{"type":"MultiPolygon","coordinates":[[[[120.9826589,14.2732491],[120.982668,14.2732282],[120.9826842,14.2732119],[120.9827054,14.2732022],[120.9827287,14.2732005],[120.9827489,14.2732058],[120.9827662,14.2732172],[120.9827788,14.2732332],[120.9827855,14.2732524],[120.982784,14.2732797],[120.9827705,14.2733037],[120.9827478,14.2733199],[120.9827201,14.2733251],[120.9826928,14.2733185],[120.982671,14.2733011],[120.982659,14.2732764],[120.9826589,14.2732491]]]]},"properties":{"highway":"pedestrian"}},{"type":"Feature","geometry":{"type":"MultiPolygon","coordinates":[[[[120.9898179,14.2905873],[120.9898244,14.2905627],[120.9898396,14.290542],[120.9898615,14.2905282],[120.9898872,14.290523],[120.989913,14.2905271],[120.9899347,14.2905394],[120.9899506,14.2905583],[120.9899587,14.2905813],[120.989958,14.2906056],[120.9899511,14.2906239],[120.9899392,14.2906396],[120.9899233,14.2906514],[120.9899045,14.2906585],[120.9898845,14.2906601],[120.9898628,14.2906555],[120.9898436,14.2906446],[120.9898289,14.2906285],[120.98982,14.2906087],[120.9898179,14.2905873]]]]},"properties":{"access":"private","highway":"residential","junction":"roundabout","name":"Castle Loop","oneway":"yes"}},{"type":"Feature","geometry":{"type":"MultiPolygon","coordinates":[[[[120.9584077,14.3406992],[120.9584085,14.3406719],[120.9584175,14.3406461],[120.958434,14.340624],[120.9584565,14.3406076],[120.958483,14.3405983],[120.9585111,14.340597],[120.9585358,14.3406027],[120.9585624,14.3406181],[120.9585809,14.3406386],[120.9585924,14.3406635],[120.9585959,14.3406906],[120.9585909,14.3407174],[120.958578,14.3407417],[120.9585583,14.3407611],[120.9585335,14.3407741],[120.9585059,14.3407794],[120.9584779,14.3407767],[120.958452,14.340766],[120.9584305,14.3407484],[120.9584153,14.3407254],[120.9584077,14.3406992]]]]},"properties":{"access":"private","highway":"service","junction":"circular","maxspeed":"10","oneway":"yes","oneway:bicycle":"yes","surface":"asphalt"}},{"type":"Feature","geometry":{"type":"MultiPolygon","coordinates":[[[[120.9496149,14.3188558],[120.9496793,14.3187427],[120.9497182,14.3187079],[120.9497698,14.3187103],[120.9498857,14.3187641],[120.9497476,14.3189513],[120.9496987,14.3189637],[120.9496424,14.3189578],[120.9496155,14.3189182],[120.9496149,14.3188558]]]]},"properties":{"highway":"residential","lanes":"2","name":"Munson Street"}},{"type":"Feature","geometry":{"type":"MultiPolygon","coordinates":[[[[120.9607108,14.3038145],[120.9607115,14.3038063],[120.9607162,14.3037994],[120.9607238,14.3037958],[120.9607323,14.3037963],[120.9607396,14.303801],[120.9607433,14.3038087],[120.9607426,14.3038171],[120.9607376,14.3038238],[120.9607299,14.3038273],[120.9607215,14.3038266],[120.9607145,14.3038219],[120.9607108,14.3038145]]]]},"properties":{"highway":"footway","junction":"roundabout"}},{"type":"Feature","geometry":{"type":"MultiPolygon","coordinates":[[[[120.9606577,14.3036347],[120.9606578,14.3036265],[120.9606638,14.3036181],[120.9606737,14.3036148],[120.9606837,14.303618],[120.9606897,14.3036263],[120.9606894,14.3036365],[120.9606846,14.3036431],[120.9606772,14.3036466],[120.9606689,14.3036462],[120.9606617,14.3036419],[120.9606577,14.3036347]]]]},"properties":{"highway":"footway","junction":"roundabout"}},{"type":"Feature","geometry":{"type":"MultiPolygon","coordinates":[[[[120.9604619,14.303729],[120.9604643,14.3037199],[120.9604707,14.3037128],[120.9604796,14.3037092],[120.9604916,14.3037108],[120.9605007,14.3037185],[120.9605039,14.3037297],[120.9605018,14.3037364],[120.9605003,14.3037409],[120.9604908,14.3037482],[120.9604788,14.3037493],[120.96047,14.3037454],[120.960464,14.3037381],[120.9604619,14.303729]]]]},"properties":{"highway":"footway","junction":"roundabout"}},{"type":"Feature","geometry":{"type":"MultiPolygon","coordinates":[[[[120.9526786,14.3559687],[120.952684,14.3559038],[120.9527001,14.3558518],[120.952751,14.3558336],[120.9528047,14.3558466],[120.9528771,14.355831],[120.9529254,14.3557998],[120.9530058,14.355805],[120.952971,14.3560181],[120.9529334,14.3561532],[120.9528664,14.3562026],[120.9527725,14.356187],[120.9527269,14.356122],[120.9526867,14.3560337],[120.9526786,14.3559687]]]]},"properties":{"bicycle":"designated","description":"Golf Course Movement Pathway","dog":"leashed","foot":"designated","golf_cart":"designated","highway":"path","maxheight":"2","maxspeed":"20","mtb:scale":"1","oneway":"yes","sac_scale":"hiking","segregated":"no","smoking":"no","smoothness":"excellent","surface":"concrete","tactile_paving":"no","trail_visibility":"good","wheelchair":"yes","width":"3"}},{"type":"Feature","geometry":{"type":"MultiPolygon","coordinates":[[[[120.94938,14.3324067],[120.9493839,14.3323923],[120.9493938,14.3323809],[120.9494072,14.3323749],[120.9494219,14.3323747],[120.9494354,14.3323805],[120.9494453,14.332391],[120.9494498,14.3324046],[120.9494489,14.3324166],[120.9494437,14.3324274],[120.9494349,14.3324359],[120.9494207,14.3324415],[120.9494053,14.3324406],[120.9493918,14.3324335],[120.9493828,14.3324214],[120.94938,14.3324067]]]]},"properties":{"highway":"footway"}},{"type":"Feature","geometry":{"type":"MultiPolygon","coordinates":[[[[120.950019,14.3338598],[120.950022,14.3338486],[120.9500312,14.3338411],[120.9500432,14.3338404],[120.9500534,14.3338466],[120.9500578,14.3338574],[120.9500548,14.3338687],[120.9500456,14.3338761],[120.9500336,14.3338769],[120.9500234,14.3338707],[120.950019,14.3338598]]]]},"properties":{"highway":"footway"}},{"type":"Feature","geometry":{"type":"MultiPolygon","coordinates":[[[[120.9499126,14.3338149],[120.9499128,14.333797],[120.94992,14.3337806],[120.9499294,14.3337707],[120.9499415,14.3337639],[120.9499582,14.3337606],[120.9499751,14.3337633],[120.9499899,14.3337717],[120.9500006,14.3337846],[120.9500058,14.3338004],[120.9500049,14.333817],[120.949998,14.3338321],[120.9499849,14.3338446],[120.9499678,14.3338513],[120.9499494,14.3338511],[120.9499324,14.3338441],[120.9499195,14.3338314],[120.9499126,14.3338149]]]]},"properties":{"highway":"footway"}},{"type":"Feature","geometry":{"type":"MultiPolygon","coordinates":[[[[120.9576395,14.3425391],[120.9576449,14.3425132],[120.9576588,14.3424904],[120.9576796,14.3424732],[120.9577051,14.3424636],[120.957732,14.3424625],[120.9577578,14.3424698],[120.9577798,14.3424848],[120.9577957,14.3425059],[120.9578037,14.3425308],[120.9578031,14.3425569],[120.9577938,14.3425813],[120.9577766,14.3426019],[120.9577534,14.3426159],[120.9577267,14.3426217],[120.9576996,14.3426189],[120.9576749,14.3426075],[120.9576553,14.342589],[120.9576431,14.3425654],[120.9576395,14.3425391]]]]},"properties":{"access":"private","highway":"service","junction":"roundabout","maxspeed":"10","oneway":"yes","oneway:bicycle":"yes","surface":"asphalt"}},{"type":"Feature","geometry":{"type":"MultiPolygon","coordinates":[[[[120.9657058,14.228794],[120.9663978,14.2287927],[120.9665671,14.2291868],[120.9666167,14.2293402],[120.966648,14.2296777],[120.9666912,14.2298243],[120.9667167,14.2298909],[120.9667539,14.2299445],[120.9668069,14.2300027],[120.9668812,14.2300982],[120.9670319,14.2301944],[120.9669256,14.2302789],[120.9659526,14.2302159],[120.9659078,14.2302009],[120.9658876,14.2301847],[120.9658674,14.2301537],[120.9657058,14.228794]]]]},"properties":{"highway":"service"}},{"type":"Feature","geometry":{"type":"MultiPolygon","coordinates":[[[[120.9374826,14.3394471],[120.9374846,14.3394287],[120.9374962,14.339414],[120.9375139,14.3394071],[120.9375327,14.33941],[120.9375474,14.3394219],[120.9375536,14.3394393],[120.9375506,14.3394558],[120.9375399,14.3394689],[120.9375241,14.3394757],[120.9375055,14.3394741],[120.9374903,14.3394636],[120.9374826,14.3394471]]]]},"properties":{"highway":"footway"}},{"type":"Feature","geometry":{"type":"MultiPolygon","coordinates":[[[[120.9723605,14.2616655],[120.9725172,14.2616128],[120.972541,14.2616792],[120.9725632,14.2617411],[120.9724065,14.2617938],[120.9723605,14.2616655]]]]},"properties":{"highway":"footway","oneway":"yes"}},{"type":"Feature","geometry":{"type":"MultiPolygon","coordinates":[[[[120.9725712,14.26129],[120.9725721,14.2612692],[120.9725806,14.2612501],[120.9725955,14.2612352],[120.9726153,14.2612263],[120.9726371,14.2612249],[120.972658,14.2612313],[120.972675,14.2612445],[120.9726871,14.2612664],[120.9726886,14.2612912],[120.9726791,14.2613143],[120.9726605,14.2613314],[120.9726362,14.2613392],[120.9726107,14.2613364],[120.9725915,14.2613258],[120.972578,14.2613097],[120.9725712,14.26129]]]]},"properties":{"highway":"service","junction":"roundabout","oneway":"yes"}},{"type":"Feature","geometry":{"type":"MultiPolygon","coordinates":[[[[120.974498,14.2583842],[120.9745005,14.2583457],[120.974514,14.2583094],[120.9745373,14.258278],[120.9745631,14.2582575],[120.9745931,14.2582433],[120.9746257,14.2582362],[120.9746591,14.2582367],[120.9746915,14.2582448],[120.974721,14.2582599],[120.9747491,14.2582845],[120.9747695,14.2583154],[120.9747808,14.2583504],[120.9747822,14.258387],[120.9747736,14.2584227],[120.9747556,14.258455],[120.9747295,14.2584816],[120.9746971,14.2585005],[120.9746607,14.2585105],[120.9746228,14.2585109],[120.9745862,14.2585017],[120.9745534,14.2584834],[120.9745255,14.2584559],[120.9745065,14.2584219],[120.974498,14.2583842]]]]},"properties":{"highway":"service","junction":"roundabout","oneway":"yes"}},{"type":"Feature","geometry":{"type":"MultiPolygon","coordinates":[[[[120.9747339,14.2605063],[120.9747963,14.2603394],[120.9749411,14.259952],[120.9749773,14.2598905],[120.9750429,14.2598746],[120.9757755,14.2597943],[120.9761307,14.2597912],[120.9765172,14.2597878],[120.9771427,14.2597876],[120.9772045,14.2598167],[120.9772483,14.2598615],[120.9772753,14.2599207],[120.9772957,14.2604416],[120.9772771,14.2605449],[120.9771961,14.260574],[120.9771235,14.2605944],[120.9765422,14.2607231],[120.976392,14.2607439],[120.9762499,14.2607361],[120.9758877,14.2607023],[120.9753647,14.2608062],[120.9748252,14.2609297],[120.9747339,14.2605063]]]]},"properties":{"highway":"service","lanes":"2","parking:both":"no","parking:both:restriction":"no_parking","surface":"concrete","width":"7"}},{"type":"Feature","geometry":{"type":"MultiPolygon","coordinates":[[[[120.9768108,14.2453179],[120.9768148,14.245236],[120.9768239,14.245181],[120.976852,14.2451303],[120.9768802,14.2451108],[120.9769218,14.2451121],[120.9769472,14.2451394],[120.9769593,14.2451888],[120.976962,14.2452408],[120.9769526,14.2453304],[120.9769432,14.2453772],[120.9769218,14.2454227],[120.9768909,14.245437],[120.9768587,14.2454344],[120.97684,14.2454136],[120.9768212,14.2453694],[120.9768108,14.2453179]]]]},"properties":{"highway":"residential","oneway":"yes"}},{"type":"Feature","geometry":{"type":"MultiPolygon","coordinates":[[[[120.9725395,14.2785981],[120.9725409,14.2785747],[120.9725536,14.278563],[120.9725744,14.2785597],[120.9726774,14.2785835],[120.9731885,14.278702],[120.9732535,14.2787171],[120.9732735,14.2787216],[120.9737028,14.2788181],[120.973827,14.2788473],[120.9738467,14.2788644],[120.9738526,14.2788908],[120.9738277,14.2789903],[120.9738036,14.279087],[120.9737857,14.2791023],[120.9737622,14.2791071],[120.9725758,14.2788229],[120.9725596,14.2788073],[120.9725509,14.2787897],[120.9725461,14.2786992],[120.9725395,14.2785981]]]]},"properties":{"bicycle":"dismount","footway":"sidewalk","highway":"footway","smoothness":"good","surface":"concrete","tactile_paving":"no","wheelchair":"yes","width":"1.2"}},{"type":"Feature","geometry":{"type":"MultiPolygon","coordinates":[[[[120.9724433,14.2782218],[120.9724483,14.2782062],[120.9724614,14.2781932],[120.9724812,14.2781861],[120.9732152,14.2783612],[120.973834,14.2785089],[120.9738977,14.278524],[120.9739112,14.2785389],[120.9739152,14.2785688],[120.9738951,14.2786484],[120.9738677,14.2787573],[120.9738559,14.2787748],[120.9738346,14.2787812],[120.973719,14.2787539],[120.9732717,14.2786482],[120.973238,14.2786403],[120.9732047,14.2786324],[120.9730489,14.2785956],[120.9726972,14.2785126],[120.9725613,14.2784805],[120.9725445,14.278472],[120.9725325,14.2784571],[120.972509,14.2783658],[120.9724897,14.2783235],[120.9724433,14.2782218]]]]},"properties":{"bicycle":"dismount","footway":"sidewalk","highway":"footway","smoothness":"good","surface":"concrete","tactile_paving":"no","wheelchair":"yes","width":"1.2"}},{"type":"Feature","geometry":{"type":"MultiPolygon","coordinates":[[[[120.9722936,14.2778703],[120.9723017,14.2778592],[120.9723131,14.277854],[120.97233,14.2778492],[120.9725493,14.2779018],[120.9728486,14.2779737],[120.9732267,14.2780644],[120.9735838,14.2781501],[120.9737969,14.2782012],[120.9739579,14.2782398],[120.9739723,14.2782517],[120.9739778,14.2782681],[120.9739594,14.2783433],[120.9739346,14.2784443],[120.9739207,14.2784577],[120.973901,14.2784603],[120.9738473,14.2784485],[120.9732298,14.2783051],[120.9724713,14.278129],[120.972415,14.2781159],[120.9723982,14.2781081],[120.9723875,14.2780951],[120.9723438,14.2779896],[120.9722936,14.2778859],[120.9722936,14.2778703]]]]},"properties":{"bicycle":"dismount","footway":"sidewalk","highway":"footway","smoothness":"good","surface":"concrete","tactile_paving":"no","wheelchair":"yes","width":"1.2"}},{"type":"Feature","geometry":{"type":"MultiPolygon","coordinates":[[[[120.972818,14.2807169],[120.972825,14.2807007],[120.9728402,14.28069],[120.9728624,14.2806873],[120.9730263,14.2807242],[120.9731727,14.2807572],[120.9731957,14.2807665],[120.973209,14.2807829],[120.9732174,14.2808005],[120.9732172,14.2808397],[120.9732101,14.2809708],[120.9731794,14.2811096],[120.9731027,14.2812997],[120.9730937,14.2813143],[120.973081,14.281323],[120.9730669,14.281327],[120.973045,14.281325],[120.973027,14.2813129],[120.9730173,14.2812982],[120.9730003,14.2812391],[120.972857,14.2807983],[120.9728275,14.2807496],[120.9728194,14.2807343],[120.972818,14.2807169]]]]},"properties":{"bicycle":"dismount","footway":"sidewalk","highway":"footway","smoothness":"good","surface":"concrete","tactile_paving":"no","wheelchair":"yes","width":"1.2"}},{"type":"Feature","geometry":{"type":"MultiPolygon","coordinates":[[[[120.9725598,14.2789451],[120.9725665,14.2789269],[120.9725799,14.2789133],[120.9725973,14.2789055],[120.9726201,14.2789055],[120.9736817,14.2791621],[120.973691,14.2791771],[120.9736937,14.2791933],[120.9736924,14.279207],[120.9736857,14.2792174],[120.9736239,14.2792616],[120.9734678,14.279374],[120.973451,14.2793759],[120.9734315,14.2793753],[120.9726592,14.279195],[120.9726161,14.2791849],[120.9725967,14.2791771],[120.9725806,14.2791641],[120.9725712,14.2791368],[120.9725656,14.279046],[120.9725598,14.2789451]]]]},"properties":{"bicycle":"dismount","footway":"sidewalk","highway":"footway","smoothness":"good","surface":"concrete","tactile_paving":"no","wheelchair":"yes","width":"1.2"}},{"type":"Feature","geometry":{"type":"MultiPolygon","coordinates":[[[[120.9789386,14.2916757],[120.9790012,14.2911216],[120.9792655,14.2911497],[120.9795318,14.2911779],[120.9794692,14.291732],[120.9792042,14.2917039],[120.9789386,14.2916757]]]]},"properties":{"highway":"footway"}},{"type":"Feature","geometry":{"type":"MultiPolygon","coordinates":[[[[120.9632452,14.288977],[120.9632456,14.2889156],[120.9634128,14.2885918],[120.9642684,14.288994],[120.96419,14.2891668],[120.9641189,14.2893162],[120.9640693,14.2893994],[120.9638533,14.289298],[120.9636504,14.2891847],[120.9633672,14.2890537],[120.9632606,14.289029],[120.9632452,14.288977]]]]},"properties":{"highway":"unclassified","maxspeed":"20","oneway":"yes"}},{"type":"Feature","geometry":{"type":"MultiPolygon","coordinates":[[[[120.9836124,14.3639879],[120.9836133,14.3639648],[120.9836567,14.3639737],[120.9837052,14.3639949],[120.9837398,14.3640219],[120.9837657,14.3640581],[120.9837783,14.3640827],[120.9837923,14.364128],[120.9837876,14.3641522],[120.9837715,14.3641712],[120.9837526,14.3641879],[120.9837219,14.3641922],[120.9836992,14.3641841],[120.9836732,14.3641632],[120.9836415,14.3641032],[120.9836204,14.3640492],[120.9836147,14.3640202],[120.9836124,14.3639879]]]]},"properties":{"access":"private","highway":"residential","lanes":"1","name":"Santol Street","oneway":"yes","oneway:bicycle":"yes","smoothness":"good","surface":"concrete"}},{"type":"Feature","geometry":{"type":"MultiPolygon","coordinates":[[[[120.9818222,14.3532948],[120.9818236,14.3531584],[120.9820178,14.3531601],[120.9820164,14.3532965],[120.9818222,14.3532948]]]]},"properties":{"highway":"service","oneway":"yes","oneway:bicycle":"yes","service":"parking_aisle"}},{"type":"Feature","geometry":{"type":"MultiPolygon","coordinates":[[[[121.0111132,14.2934234],[121.0111182,14.2933857],[121.0111357,14.2933517],[121.0111638,14.2933251],[121.0111994,14.293309],[121.0112384,14.2933051],[121.0112766,14.2933139],[121.011309,14.2933338],[121.0113331,14.2933627],[121.0113463,14.2933976],[121.0113473,14.2934348],[121.0113358,14.2934702],[121.0113132,14.2935003],[121.0112818,14.2935216],[121.011245,14.2935321],[121.0112067,14.2935305],[121.0111709,14.2935171],[121.0111415,14.2934933],[121.0111213,14.2934607],[121.0111132,14.2934234]]]]},"properties":{"access":"private","highway":"service"}},{"type":"Feature","geometry":{"type":"MultiPolygon","coordinates":[[[[121.0109473,14.2360787],[121.01097,14.2360205],[121.0110212,14.2359857],[121.0110838,14.2359845],[121.0111365,14.2360173],[121.0111561,14.2360506],[121.011162,14.2360885],[121.0111533,14.236126],[121.0111312,14.2361578],[121.0110747,14.2361871],[121.011011,14.23618],[121.0109628,14.236139],[121.0109473,14.2360787]]]]},"properties":{"access":"private","highway":"residential","junction":"roundabout"}},{"type":"Feature","geometry":{"type":"MultiPolygon","coordinates":[[[[120.97067,14.2314597],[120.9706901,14.2314126],[120.9707273,14.2313832],[120.9708043,14.2313839],[120.9707842,14.2316005],[120.9707036,14.2315904],[120.9706768,14.2315315],[120.97067,14.2314597]]]]},"properties":{"highway":"service","service":"driveway"}},{"type":"Feature","geometry":{"type":"MultiPolygon","coordinates":[[[[120.9303289,14.3239912],[120.9303372,14.3239649],[120.9303534,14.3239423],[120.9303759,14.3239255],[120.9304027,14.3239163],[120.930431,14.3239153],[120.9304583,14.3239228],[120.9304833,14.3239391],[120.9305014,14.3239622],[120.9305109,14.3239899],[120.9305107,14.324019],[120.9305009,14.3240465],[120.9304836,14.3240683],[120.9304603,14.324084],[120.9304332,14.3240921],[120.9304048,14.3240918],[120.9303779,14.3240832],[120.9303549,14.324067],[120.9303382,14.3240448],[120.9303292,14.3240187],[120.9303289,14.3239912]]]]},"properties":{"highway":"residential","junction":"roundabout","oneway":"yes","oneway:bicycle":"yes","smoothness":"good","surface":"concrete"}},{"type":"Feature","geometry":{"type":"MultiPolygon","coordinates":[[[[120.9725837,14.279274],[120.972594,14.2792641],[120.9726077,14.2792576],[120.9726248,14.2792534],[120.9726416,14.2792574],[120.9733715,14.2794318],[120.9733843,14.2794422],[120.973393,14.2794552],[120.973394,14.2794734],[120.9733356,14.2795635],[120.9732773,14.2796534],[120.9732632,14.2796671],[120.9732438,14.2796723],[120.9732176,14.2796723],[120.9726238,14.2795211],[120.9726091,14.279512],[120.9726014,14.2795007],[120.9725987,14.279488],[120.9725926,14.2794003],[120.9725837,14.279274]]]]},"properties":{"bicycle":"dismount","footway":"sidewalk","highway":"footway","smoothness":"good","surface":"concrete","tactile_paving":"no","wheelchair":"yes","width":"1.2"}},{"type":"Feature","geometry":{"type":"MultiPolygon","coordinates":[[[[120.9724478,14.2798022],[120.9725087,14.2796812],[120.9725465,14.2796053],[120.9725579,14.2795936],[120.9725706,14.2795852],[120.9725867,14.2795819],[120.9726048,14.2795826],[120.9731875,14.2797372],[120.9732029,14.2797469],[120.973213,14.2797645],[120.973217,14.2797833],[120.9731967,14.2798445],[120.9731881,14.2798705],[120.9731734,14.2799633],[120.9731681,14.2799835],[120.9731533,14.2799965],[120.9731332,14.2800036],[120.9731111,14.2800049],[120.97246,14.2798418],[120.9724479,14.2798237],[120.9724478,14.2798022]]]]},"properties":{"bicycle":"dismount","footway":"sidewalk","highway":"footway","smoothness":"good","surface":"concrete","tactile_paving":"no","wheelchair":"yes","width":"1.2"}},{"type":"Feature","geometry":{"type":"MultiPolygon","coordinates":[[[[120.9723593,14.2799737],[120.972364,14.2799433],[120.9723762,14.2799205],[120.9723942,14.2799068],[120.9724143,14.2799023],[120.9724365,14.2799036],[120.9729932,14.2800423],[120.9731458,14.2800803],[120.9731572,14.2800901],[120.9731642,14.2801044],[120.9731984,14.2803045],[120.9731969,14.2803227],[120.9731875,14.2803363],[120.9731694,14.2803493],[120.9731479,14.2803519],[120.9726977,14.2802473],[120.972421,14.280183],[120.9724009,14.2801713],[120.9723881,14.2801441],[120.9723649,14.28005],[120.97236,14.2800144],[120.9723593,14.2799737]]]]},"properties":{"bicycle":"dismount","footway":"sidewalk","highway":"footway","smoothness":"good","surface":"concrete","tactile_paving":"no","wheelchair":"yes","width":"1.2"}},{"type":"Feature","geometry":{"type":"MultiPolygon","coordinates":[[[[120.9724841,14.2803059],[120.9724928,14.2802877],[120.9725049,14.2802753],[120.9725216,14.2802688],[120.9726932,14.2803106],[120.9732123,14.2804371],[120.9732264,14.2804475],[120.9732337,14.2804618],[120.9732321,14.2805288],[120.973229,14.2806542],[120.973221,14.2806769],[120.9732029,14.2806899],[120.9731848,14.2806925],[120.9730425,14.2806595],[120.9726886,14.2805775],[120.9726752,14.2805645],[120.9726248,14.2804978],[120.9724854,14.2803221],[120.9724841,14.2803059]]]]},"properties":{"bicycle":"dismount","footway":"sidewalk","highway":"footway","smoothness":"good","surface":"concrete","tactile_paving":"no","wheelchair":"yes","width":"1.2"}},{"type":"Feature","geometry":{"type":"MultiPolygon","coordinates":[[[[120.9436225,14.287758],[120.9436233,14.2877327],[120.9436325,14.2877089],[120.9436491,14.2876894],[120.9436714,14.2876761],[120.9436969,14.2876704],[120.9437204,14.2876724],[120.9437422,14.287681],[120.9437606,14.2876954],[120.9437738,14.2877154],[120.9437809,14.2877374],[120.9437803,14.2877615],[120.9437721,14.2877843],[120.943757,14.2878035],[120.9437366,14.2878173],[120.9437128,14.2878244],[120.9436879,14.2878239],[120.9436644,14.2878162],[120.9436446,14.2878018],[120.9436302,14.2877822],[120.9436225,14.287758]]]]},"properties":{"highway":"residential","junction":"roundabout","lanes":"2","oneway":"yes","smoothness":"good","surface":"concrete"}},{"type":"Feature","geometry":{"type":"MultiPolygon","coordinates":[[[[121.0064673,14.3469126],[121.0064674,14.3468957],[121.0064725,14.3468795],[121.0064821,14.3468654],[121.0064953,14.3468544],[121.0065112,14.3468474],[121.0065285,14.3468451],[121.0065458,14.3468476],[121.0065609,14.3468541],[121.0065736,14.3468644],[121.006583,14.3468775],[121.0065886,14.3468926],[121.0065897,14.3469085],[121.0065865,14.3469242],[121.00658,14.3469372],[121.0065704,14.3469482],[121.0065584,14.3469568],[121.0065447,14.3469622],[121.0065273,14.3469644],[121.0065101,14.3469617],[121.0064943,14.3469545],[121.0064813,14.3469432],[121.006472,14.3469289],[121.0064673,14.3469126]]]]},"properties":{"access":"private","highway":"residential","junction":"circular","lanes":"2","maxspeed":"20","sidewalk":"both","surface":"concrete","width":"6"}},{"type":"Feature","geometry":{"type":"MultiPolygon","coordinates":[[[[120.9693449,14.3640189],[120.9694065,14.3639489],[120.9699708,14.36432],[120.969944,14.3643589],[120.9699114,14.3643917],[120.9693449,14.3640189]]]]},"properties":{"highway":"residential"}},{"type":"Feature","geometry":{"type":"MultiPolygon","coordinates":[[[[120.9701183,14.3629195],[120.97018,14.362049],[120.9703609,14.3620773],[120.9702893,14.3629754],[120.9701897,14.3629509],[120.9701183,14.3629195]]]]},"properties":{"highway":"residential"}},{"type":"Feature","geometry":{"type":"MultiPolygon","coordinates":[[[[120.9567791,14.3289558],[120.9568111,14.3287673],[120.9568201,14.3287558],[120.9568309,14.328751],[120.9569164,14.3287661],[120.9568776,14.3289871],[120.9567959,14.3289737],[120.956785,14.3289674],[120.9567791,14.3289558]]]]},"properties":{"highway":"footway"}},{"type":"Feature","geometry":{"type":"MultiPolygon","coordinates":[[[[120.9455654,14.3193886],[120.9455735,14.319367],[120.9455891,14.3193497],[120.9456102,14.3193391],[120.9456338,14.3193366],[120.9456578,14.3193431],[120.9456774,14.319358],[120.9456897,14.319379],[120.9456928,14.3194029],[120.9456859,14.319427],[120.9456698,14.3194465],[120.9456471,14.3194582],[120.9456214,14.3194604],[120.9455969,14.3194526],[120.9455775,14.3194361],[120.9455664,14.3194135],[120.9455654,14.3193886]]]]},"properties":{"highway":"residential","junction":"circular","lanes":"1","name":"Oak Street","oneway":"yes","smoothness":"good","surface":"concrete"}},{"type":"Feature","geometry":{"type":"MultiPolygon","coordinates":[[[[120.9259663,14.2284315],[120.9259667,14.2283987],[120.9259747,14.2283669],[120.9259874,14.2283418],[120.9260047,14.2283195],[120.9260313,14.2282975],[120.9260627,14.2282821],[120.9260968,14.2282744],[120.9261318,14.2282746],[120.9261657,14.2282828],[120.9261922,14.2282943],[120.9262231,14.228321],[120.9262432,14.2283488],[120.926256,14.2283804],[120.9262609,14.228414],[120.9262574,14.2284478],[120.9262457,14.2284798],[120.9262266,14.2285083],[120.9262011,14.2285317],[120.9261707,14.2285484],[120.9261371,14.2285579],[120.9261021,14.2285593],[120.9260678,14.2285529],[120.9260344,14.2285398],[120.9260093,14.2285184],[120.9259882,14.2284929],[120.9259736,14.2284634],[120.9259663,14.2284315]]]]},"properties":{"highway":"residential","junction":"roundabout","oneway":"yes","source":"Schadow1 Expeditions","survey:date":"2022-07-02","width":"20"}},{"type":"Feature","geometry":{"type":"MultiPolygon","coordinates":[[[[120.9449748,14.3024427],[120.9449765,14.3024216],[120.9449872,14.302401],[120.9450053,14.302386],[120.945028,14.3023791],[120.9450517,14.3023812],[120.9450727,14.3023922],[120.9450876,14.3024103],[120.945094,14.3024326],[120.9450909,14.3024555],[120.9450789,14.3024754],[120.9450597,14.3024892],[120.9450365,14.3024947],[120.945013,14.3024909],[120.9449943,14.3024799],[120.944981,14.3024631],[120.9449748,14.3024427]]]]},"properties":{"highway":"path","junction":"roundabout","oneway":"yes","oneway:bicycle":"yes"}},{"type":"Feature","geometry":{"type":"MultiPolygon","coordinates":[[[[121.0075444,14.3497726],[121.0075523,14.3497431],[121.0075699,14.3497179],[121.0075952,14.3496998],[121.0076252,14.349691],[121.0076566,14.3496923],[121.0076842,14.3497029],[121.007707,14.3497214],[121.0077225,14.3497459],[121.0077293,14.3497739],[121.0077265,14.3498026],[121.0077146,14.3498289],[121.0077091,14.3498347],[121.0076946,14.3498502],[121.0076687,14.3498643],[121.0076396,14.3498698],[121.0076101,14.349866],[121.007582,14.3498525],[121.0075602,14.3498306],[121.0075472,14.3498029],[121.0075444,14.3497726]]]]},"properties":{"access":"private","highway":"residential","junction":"roundabout","oneway":"yes","oneway:bicycle":"yes","smoothness":"good","surface":"concrete"}},{"type":"Feature","geometry":{"type":"MultiPolygon","coordinates":[[[[120.9772268,14.305295],[120.9772341,14.3052659],[120.9772504,14.3052405],[120.9772739,14.3052212],[120.9773025,14.30521],[120.9773333,14.3052079],[120.9773633,14.3052151],[120.9773894,14.305231],[120.9774092,14.305254],[120.9774207,14.3052817],[120.9774227,14.3053116],[120.9774138,14.3053434],[120.9773941,14.3053704],[120.9773662,14.3053893],[120.9773333,14.3053978],[120.9772994,14.3053949],[120.9772685,14.305381],[120.9772444,14.3053577],[120.9772299,14.3053278],[120.9772268,14.305295]]]]},"properties":{"highway":"service","maxspeed":"15","sidewalk":"right","smoothness":"good","surface":"concrete"}},{"type":"Feature","geometry":{"type":"MultiPolygon","coordinates":[[[[121.0105292,14.3469334],[121.0105298,14.3469236],[121.0105342,14.3469155],[121.0105412,14.34691],[121.0106163,14.3468658],[121.0106308,14.3468613],[121.0106435,14.3468603],[121.0106614,14.3468603],[121.0106777,14.3468572],[121.0106948,14.3468481],[121.0108675,14.3467476],[121.0108809,14.3467466],[121.0108909,14.3467499],[121.0109003,14.346756],[121.0109094,14.3467654],[121.0110656,14.3470234],[121.01107,14.3470445],[121.0110695,14.3470586],[121.0110646,14.3470675],[121.0110569,14.347074],[121.0109707,14.347126],[121.0109587,14.3471296],[121.0109492,14.3471301],[121.0109245,14.3471314],[121.0109122,14.3471333],[121.0109001,14.3471405],[121.0107609,14.3472231],[121.0107434,14.3472257],[121.0107307,14.3472241],[121.010722,14.3472186],[121.0107153,14.3472085],[121.0105319,14.3469418],[121.0105292,14.3469334]]]]},"properties":{"highway":"footway"}},{"type":"Feature","geometry":{"type":"MultiPolygon","coordinates":[[[[121.0107912,14.3470252],[121.0107987,14.3470022],[121.0108146,14.3469837],[121.0108367,14.3469726],[121.0108615,14.3469705],[121.0108852,14.3469777],[121.0109043,14.3469932],[121.0109158,14.3470146],[121.0109179,14.3470386],[121.0109105,14.3470616],[121.0108945,14.34708],[121.0108724,14.3470912],[121.0108476,14.3470933],[121.0108239,14.347086],[121.0108049,14.3470706],[121.0107934,14.3470492],[121.0107912,14.3470252]]]]},"properties":{"highway":"footway"}},{"type":"Feature","geometry":{"type":"MultiPolygon","coordinates":[[[[120.980005,14.3076595],[120.9800063,14.3074984],[120.9800197,14.3073853],[120.9800439,14.30731],[120.9800814,14.3072658],[120.980127,14.3072515],[120.9803818,14.3072528],[120.9804261,14.3072684],[120.9804556,14.3073126],[120.9804556,14.3073633],[120.9804381,14.3074321],[120.9803952,14.3075088],[120.9802866,14.3076413],[120.9801306,14.3078479],[120.9800913,14.3079392],[120.980079,14.3079617],[120.9800635,14.307968],[120.9800467,14.3079567],[120.9800364,14.3079367],[120.980028,14.3078954],[120.9800235,14.307831],[120.980005,14.3076595]]]]},"properties":{"access":"private","highway":"residential","noname":"yes","oneway":"yes","oneway:bicycle":"yes","smoothness":"good","surface":"concrete"}},{"type":"Feature","geometry":{"type":"MultiPolygon","coordinates":[[[[121.0078322,14.2285771],[121.0079361,14.2285849],[121.0080253,14.2285531],[121.007973,14.2286382],[121.0079522,14.2287188],[121.0079026,14.2286421],[121.0078322,14.2285771]]]]},"properties":{"highway":"footway"}},{"type":"Feature","geometry":{"type":"MultiPolygon","coordinates":[[[[121.0075788,14.2292888],[121.0075864,14.2292642],[121.0076014,14.2292429],[121.0076241,14.2292261],[121.0076513,14.2292173],[121.0076799,14.2292175],[121.0077069,14.2292267],[121.0077293,14.2292439],[121.0077442,14.2292657],[121.0077514,14.2292909],[121.0077503,14.229317],[121.007741,14.2293415],[121.0077245,14.2293621],[121.0077022,14.2293768],[121.0076763,14.2293842],[121.0076494,14.2293836],[121.0076243,14.2293752],[121.007603,14.2293598],[121.0075874,14.229339],[121.0075791,14.2293145],[121.0075788,14.2292888]]]]},"properties":{"access":"private","highway":"service","junction":"roundabout","oneway":"yes","service":"parking_aisle","surface":"concrete:plates"}},{"type":"Feature","geometry":{"type":"MultiPolygon","coordinates":[[[[121.0122516,14.2294664],[121.0122521,14.2294487],[121.01226,14.2294327],[121.012274,14.2294213],[121.0122941,14.2294163],[121.0123143,14.2294208],[121.0123308,14.229435],[121.0123381,14.2294551],[121.0123343,14.2294761],[121.0123235,14.2294904],[121.0123075,14.2294991],[121.0122893,14.2295007],[121.012272,14.2294949],[121.0122586,14.2294828],[121.0122516,14.2294664]]]]},"properties":{"highway":"service","junction":"roundabout","oneway":"yes","surface":"ground"}},{"type":"Feature","geometry":{"type":"MultiPolygon","coordinates":[[[[121.0116816,14.2315465],[121.0116861,14.2315212],[121.0116971,14.2314979],[121.0117141,14.2314782],[121.0117357,14.2314634],[121.0117605,14.2314545],[121.0117936,14.2314451],[121.0118921,14.2314548],[121.0119501,14.2314717],[121.0119778,14.2314916],[121.0119971,14.2315194],[121.0120055,14.2315518],[121.0120022,14.2315852],[121.0119875,14.2316155],[121.0119632,14.2316392],[121.011932,14.2316536],[121.0118977,14.231657],[121.0117756,14.2316479],[121.0117454,14.2316412],[121.0117187,14.231626],[121.011698,14.2316037],[121.0116852,14.2315763],[121.0116816,14.2315465]]]]},"properties":{"access":"private","highway":"service","junction":"roundabout","lanes":"1","oneway":"yes","smoothness":"intermediate","surface":"concrete"}},{"type":"Feature","geometry":{"type":"MultiPolygon","coordinates":[[[[120.9565534,14.3017434],[120.9569501,14.3014588],[120.957006,14.3014188],[120.9573163,14.3011962],[120.9573651,14.3012602],[120.9573981,14.3013034],[120.9574484,14.3013692],[120.9566855,14.3019164],[120.9566338,14.3018487],[120.9566007,14.3018054],[120.9565534,14.3017434]]]]},"properties":{"description":"One-way in effect due to physical distancing measures vs. COVID-19","highway":"corridor","indoor":"yes","level":"1;2","oneway":"yes","oneway:foot":"yes","tactile_paving":"no","wheelchair":"yes","width":"3"}},{"type":"Feature","geometry":{"type":"MultiPolygon","coordinates":[[[[121.0047144,14.3504788],[121.0047188,14.3504489],[121.0047426,14.3504363],[121.0047711,14.3504495],[121.0047905,14.3504813],[121.0048137,14.350552],[121.0048194,14.3506139],[121.0048053,14.3506731],[121.0047555,14.3507099],[121.004738,14.3506392],[121.0047258,14.3505397],[121.0047144,14.3504788]]]]},"properties":{"access":"private","fixme":"name","highway":"residential","noname":"yes","smoothness":"good","surface":"concrete"}},{"type":"Feature","geometry":{"type":"MultiPolygon","coordinates":[[[[120.9697681,14.3574346],[120.9698319,14.3573567],[120.9701939,14.3576488],[120.9701712,14.3576853],[120.9701436,14.3577196],[120.9697681,14.3574346]]]]},"properties":{"highway":"residential"}},{"type":"Feature","geometry":{"type":"MultiPolygon","coordinates":[[[[120.9705355,14.3576906],[120.9705651,14.3576477],[120.9705921,14.3576083],[120.9709989,14.3579004],[120.9709484,14.357973],[120.9705355,14.3576906]]]]},"properties":{"highway":"residential"}},{"type":"Feature","geometry":{"type":"MultiPolygon","coordinates":[[[[120.9710003,14.3571057],[120.9710318,14.3570551],[120.971065,14.3570175],[120.9714819,14.3573018],[120.9714111,14.3573978],[120.9710003,14.3571057]]]]},"properties":{"highway":"residential"}},{"type":"Feature","geometry":{"type":"MultiPolygon","coordinates":[[[[120.971399,14.3564952],[120.9714208,14.356455],[120.9714394,14.3564207],[120.9718827,14.356656],[120.9718381,14.3567364],[120.971399,14.3564952]]]]},"properties":{"highway":"residential"}},{"type":"Feature","geometry":{"type":"MultiPolygon","coordinates":[[[[120.9716761,14.3558102],[120.9716849,14.3557731],[120.9717044,14.3557329],[120.972237,14.355873],[120.9722079,14.3559573],[120.9716761,14.3558102]]]]},"properties":{"highway":"residential"}},{"type":"Feature","geometry":{"type":"MultiPolygon","coordinates":[[[[120.9724406,14.3559502],[120.9724683,14.355877],[120.9729399,14.3560397],[120.9729279,14.3560762],[120.9729095,14.356109],[120.9728472,14.3560909],[120.972616,14.3560189],[120.9724406,14.3559502]]]]},"properties":{"highway":"residential"}},{"type":"Feature","geometry":{"type":"MultiPolygon","coordinates":[[[[120.9721566,14.3565809],[120.9721829,14.3565358],[120.9726585,14.3567436],[120.9726419,14.3567787],[120.9726241,14.3568162],[120.9721566,14.3565809]]]]},"properties":{"highway":"residential"}},{"type":"Feature","geometry":{"type":"MultiPolygon","coordinates":[[[[120.9718368,14.3571809],[120.9718672,14.3571436],[120.9723145,14.3573691],[120.9722883,14.3574111],[120.9722619,14.3574534],[120.9718368,14.3571809]]]]},"properties":{"highway":"residential"}},{"type":"Feature","geometry":{"type":"MultiPolygon","coordinates":[[[[120.9714166,14.3577527],[120.9714672,14.357688],[120.9719003,14.3579782],[120.9718663,14.3580231],[120.9718335,14.3580664],[120.9714166,14.3577527]]]]},"properties":{"highway":"residential"}},{"type":"Feature","geometry":{"type":"MultiPolygon","coordinates":[[[[120.970917,14.3584093],[120.9709556,14.3583156],[120.9710365,14.3582333],[120.9714313,14.3585584],[120.9714068,14.3585949],[120.9713364,14.3586068],[120.9711188,14.3584547],[120.9709847,14.3584625],[120.970917,14.3584093]]]]},"properties":{"highway":"residential"}},{"type":"Feature","geometry":{"type":"MultiPolygon","coordinates":[[[[120.9732475,14.3534186],[120.9736442,14.352465],[120.9737558,14.3522031],[120.9738499,14.3522259],[120.9737441,14.3524906],[120.9733445,14.3534328],[120.9732928,14.3534252],[120.9732475,14.3534186]]]]},"properties":{"highway":"residential"}},{"type":"Feature","geometry":{"type":"MultiPolygon","coordinates":[[[[120.9739204,14.3536122],[120.9740174,14.3533901],[120.97427,14.3527497],[120.9743788,14.352781],[120.9742759,14.3530343],[120.9741173,14.35343],[120.9739997,14.353652],[120.9739555,14.3536298],[120.9739204,14.3536122]]]]},"properties":{"highway":"residential"}},{"type":"Feature","geometry":{"type":"MultiPolygon","coordinates":[[[[120.9744552,14.354005],[120.9745786,14.3538655],[120.9748401,14.3532222],[120.9749312,14.3532649],[120.9746638,14.3539196],[120.9745227,14.3540648],[120.9744855,14.3540318],[120.9744552,14.354005]]]]},"properties":{"highway":"residential"}},{"type":"Feature","geometry":{"type":"MultiPolygon","coordinates":[[[[120.9706588,14.3536879],[120.9706709,14.3536022],[120.9706823,14.3535854],[120.9717655,14.353668],[120.9718536,14.3537505],[120.9718273,14.353784],[120.9717978,14.3538217],[120.9717361,14.3537648],[120.9714981,14.3537306],[120.9710808,14.3537078],[120.9706805,14.3537137],[120.9706588,14.3536879]]]]},"properties":{"highway":"residential"}},{"type":"Feature","geometry":{"type":"MultiPolygon","coordinates":[[[[120.9681785,14.3545443],[120.9682371,14.3544957],[120.9683154,14.3544852],[120.9687052,14.3550641],[120.9687262,14.3551225],[120.9688842,14.3552573],[120.9688595,14.3552999],[120.9688238,14.3553273],[120.9685346,14.3550956],[120.9681785,14.3545443]]]]},"properties":{"highway":"residential"}},{"type":"Feature","geometry":{"type":"MultiPolygon","coordinates":[[[[120.970114,14.358538],[120.9701307,14.358448],[120.9701425,14.3584017],[120.9701699,14.3582794],[120.9704346,14.3583685],[120.9705666,14.3584846],[120.9705618,14.3585407],[120.9703874,14.3585863],[120.9702665,14.3585748],[120.970114,14.358538]]]]},"properties":{"highway":"residential"}},{"type":"Feature","geometry":{"type":"MultiPolygon","coordinates":[[[[120.969122,14.3584741],[120.9697292,14.3584867],[120.969724,14.3585772],[120.9691324,14.3585646],[120.9691278,14.3585243],[120.969122,14.3584741]]]]},"properties":{"highway":"residential"}},{"type":"Feature","geometry":{"type":"MultiPolygon","coordinates":[[[[120.9682978,14.3582771],[120.9686911,14.3582391],[120.9688244,14.3582744],[120.9688459,14.358326],[120.9683115,14.3583645],[120.9682978,14.3582771]]]]},"properties":{"highway":"residential"}},{"type":"Feature","geometry":{"type":"MultiPolygon","coordinates":[[[[120.9684089,14.3590076],[120.9689279,14.3589472],[120.9689341,14.359029],[120.9689383,14.3590905],[120.9684219,14.3590905],[120.9684089,14.3590076]]]]},"properties":{"highway":"residential"}},{"type":"Feature","geometry":{"type":"MultiPolygon","coordinates":[[[[120.9692157,14.3591844],[120.969771,14.3591995],[120.9698022,14.3592849],[120.9692235,14.3592724],[120.9692193,14.3592252],[120.9692157,14.3591844]]]]},"properties":{"highway":"residential"}},{"type":"Feature","geometry":{"type":"MultiPolygon","coordinates":[[[[120.9702162,14.3593264],[120.9706807,14.3592032],[120.9707196,14.3593063],[120.9702551,14.359437],[120.97024,14.3593941],[120.9702162,14.3593264]]]]},"properties":{"highway":"residential"}},{"type":"Feature","geometry":{"type":"MultiPolygon","coordinates":[[[[120.9709327,14.3591943],[120.9714491,14.3589881],[120.9714648,14.3590236],[120.9714802,14.3590585],[120.9709664,14.3592697],[120.9709327,14.3591943]]]]},"properties":{"highway":"residential"}},{"type":"Feature","geometry":{"type":"MultiPolygon","coordinates":[[[[120.968349,14.3598161],[120.968362,14.3597508],[120.9689537,14.3597558],[120.9689481,14.3598362],[120.9689433,14.3599066],[120.9688006,14.3599041],[120.968349,14.3598161]]]]},"properties":{"highway":"residential"}},{"type":"Feature","geometry":{"type":"MultiPolygon","coordinates":[[[[120.9692106,14.3599699],[120.9692158,14.3599333],[120.9692209,14.359897],[120.9699449,14.3599121],[120.9699501,14.3599775],[120.9698749,14.3600629],[120.9692106,14.3599699]]]]},"properties":{"highway":"residential"}},{"type":"Feature","geometry":{"type":"MultiPolygon","coordinates":[[[[120.9690862,14.360629],[120.96909,14.3605796],[120.969094,14.3605284],[120.9694235,14.3605661],[120.9696078,14.360624],[120.969587,14.3607094],[120.9690862,14.360629]]]]},"properties":{"highway":"residential"}},{"type":"Feature","geometry":{"type":"MultiPolygon","coordinates":[[[[120.968152,14.3605033],[120.9681754,14.3604128],[120.9688111,14.3605536],[120.9688014,14.3605962],[120.9687904,14.3606441],[120.9684712,14.3605661],[120.968152,14.3605033]]]]},"properties":{"highway":"residential"}},{"type":"Feature","geometry":{"type":"MultiPolygon","coordinates":[[[[120.9679532,14.3612675],[120.9679898,14.3611902],[120.9683026,14.3613062],[120.9686885,14.3614803],[120.9686682,14.3615196],[120.9686486,14.3615576],[120.9679532,14.3612675]]]]},"properties":{"highway":"residential"}},{"type":"Feature","geometry":{"type":"MultiPolygon","coordinates":[[[[120.9688815,14.361693],[120.9688996,14.3616516],[120.9689181,14.3616092],[120.9693373,14.3617574],[120.9694471,14.3617703],[120.9694404,14.3618574],[120.9693207,14.3618541],[120.9688815,14.361693]]]]},"properties":{"highway":"residential"}},{"type":"Feature","geometry":{"type":"MultiPolygon","coordinates":[[[[120.9676484,14.3619075],[120.9676796,14.361827],[120.9680013,14.3619502],[120.9683802,14.3621262],[120.9683627,14.3621692],[120.9683465,14.3622091],[120.9678716,14.3620005],[120.9676484,14.3619075]]]]},"properties":{"highway":"residential"}},{"type":"Feature","geometry":{"type":"MultiPolygon","coordinates":[[[[120.96858,14.3623474],[120.9685965,14.3623008],[120.9686085,14.3622669],[120.9692936,14.3625183],[120.9693896,14.3625234],[120.969387,14.3626113],[120.9692417,14.3626013],[120.96858,14.3623474]]]]},"properties":{"highway":"residential"}},{"type":"Feature","geometry":{"type":"MultiPolygon","coordinates":[[[[120.9673241,14.3625639],[120.9673623,14.3624842],[120.9681351,14.3628144],[120.9681173,14.3628581],[120.9681028,14.3628941],[120.9673241,14.3625639]]]]},"properties":{"highway":"residential"}},{"type":"Feature","geometry":{"type":"MultiPolygon","coordinates":[[[[120.9683397,14.3630218],[120.9683533,14.3629835],[120.9683683,14.3629414],[120.9692531,14.3632833],[120.9692246,14.3633687],[120.9683397,14.3630218]]]]},"properties":{"highway":"residential"}},{"type":"Feature","geometry":{"type":"MultiPolygon","coordinates":[[[[120.9679549,14.3636558],[120.9679738,14.3636224],[120.967999,14.3635779],[120.9687412,14.3640153],[120.9686841,14.3640957],[120.9679549,14.3636558]]]]},"properties":{"highway":"residential"}},{"type":"Feature","geometry":{"type":"MultiPolygon","coordinates":[[[[120.9669047,14.3632078],[120.9669566,14.36314],[120.9677481,14.3634718],[120.9677229,14.363512],[120.9676962,14.3635547],[120.9669047,14.3632078]]]]},"properties":{"highway":"residential"}},{"type":"Feature","geometry":{"type":"MultiPolygon","coordinates":[[[[120.9665726,14.3639017],[120.9666063,14.3638086],[120.9669618,14.3639142],[120.9673926,14.3641028],[120.9673813,14.3641465],[120.9673692,14.3641933],[120.9669359,14.3640123],[120.9665726,14.3639017]]]]},"properties":{"highway":"residential"}},{"type":"Feature","geometry":{"type":"MultiPolygon","coordinates":[[[[120.9675654,14.3645246],[120.9675966,14.3643536],[120.9676511,14.3641802],[120.9683932,14.3646151],[120.9683439,14.364688],[120.968087,14.3645371],[120.9675654,14.3645246]]]]},"properties":{"highway":"residential"}},{"type":"Feature","geometry":{"type":"MultiPolygon","coordinates":[[[[120.9297231,14.3587365],[120.9297367,14.3587204],[120.929822,14.3586639],[120.9301373,14.3584321],[120.930183,14.358421],[120.9302351,14.358423],[120.9306325,14.3584835],[120.9306461,14.3584775],[120.9308674,14.358243],[120.9308906,14.3582297],[120.9309084,14.358235],[120.9309111,14.3582522],[120.9308961,14.3584337],[120.930881,14.35848],[120.9308715,14.358488],[120.9304359,14.3586346],[120.9303916,14.3586495],[120.9303328,14.358676],[120.9302248,14.3587992],[120.9301989,14.3588111],[120.9298448,14.3587674],[120.9297512,14.3587607],[120.9297283,14.3587516],[120.9297231,14.3587365]]]]},"properties":{"highway":"footway"}},{"type":"Feature","geometry":{"type":"MultiPolygon","coordinates":[[[[120.9297117,14.3183439],[120.9297221,14.3183114],[120.9297426,14.3182837],[120.929771,14.3182637],[120.9298045,14.3182533],[120.9298406,14.3182538],[120.9298746,14.3182656],[120.9299029,14.3182874],[120.9299224,14.3183169],[120.929931,14.3183509],[120.9299278,14.3183858],[120.9299156,14.3184139],[120.9298958,14.3184376],[120.9298698,14.3184548],[120.9298399,14.3184643],[120.9298085,14.3184652],[120.9297746,14.3184561],[120.9297455,14.318437],[120.929724,14.3184101],[120.9297123,14.318378],[120.9297117,14.3183439]]]]},"properties":{"access":"private","highway":"tertiary","junction":"circular","oneway":"yes"}},{"type":"Feature","geometry":{"type":"MultiPolygon","coordinates":[[[[121.0048184,14.2812168],[121.0048932,14.28117],[121.004912,14.2811214],[121.0050049,14.2810104],[121.0051504,14.2809143],[121.0053352,14.2808211],[121.0054366,14.2810723],[121.0053948,14.2810771],[121.0054803,14.2814021],[121.0052779,14.2813368],[121.0050779,14.2812836],[121.0048184,14.2812168]]]]},"properties":{"highway":"services","landuse":"commercial"}},{"type":"Feature","geometry":{"type":"MultiPolygon","coordinates":[[[[120.9639511,14.2412082],[120.9639632,14.2411774],[120.9639923,14.2411687],[120.9640183,14.2411842],[120.9640233,14.2412133],[120.9640023,14.241237],[120.96397,14.2412355],[120.9639511,14.2412082]]]]},"properties":{"highway":"service","junction":"circular","oneway":"yes"}},{"type":"Feature","geometry":{"type":"MultiPolygon","coordinates":[[[[120.9645819,14.2407021],[120.9655096,14.2410099],[120.9653329,14.2410302],[120.9651428,14.2410161],[120.9648907,14.2409283],[120.9646602,14.2408014],[120.9645819,14.2407021]]]]},"properties":{"highway":"residential","oneway":"yes"}},{"type":"Feature","geometry":{"type":"MultiPolygon","coordinates":[[[[120.9424297,14.2263283],[120.9424351,14.2262755],[120.9424743,14.2262386],[120.9425289,14.2262346],[120.9425733,14.2262656],[120.9425867,14.226317],[120.9425629,14.2263648],[120.9425131,14.2263865],[120.9424604,14.2263721],[120.9424297,14.2263283]]]]},"properties":{"highway":"service"}},{"type":"Feature","geometry":{"type":"MultiPolygon","coordinates":[[[[120.9235496,14.3232816],[120.9236187,14.323117],[120.9238482,14.3231161],[120.9241474,14.3231129],[120.9242923,14.3231052],[120.9244042,14.3233526],[120.9238895,14.3235953],[120.9235496,14.3232816]]]]},"properties":{"highway":"residential"}},{"type":"Feature","geometry":{"type":"MultiPolygon","coordinates":[[[[120.9206149,14.3544091],[120.920701,14.3543033],[120.9208282,14.3542211],[120.9213737,14.3543408],[120.9213301,14.354572],[120.9206149,14.3544091]]]]},"properties":{"access":"private","highway":"residential"}},{"type":"Feature","geometry":{"type":"MultiPolygon","coordinates":[[[[120.9558812,14.2168005],[120.9559827,14.2166052],[120.9560731,14.2164313],[120.9560966,14.2163861],[120.956163,14.2162584],[120.9563117,14.2163208],[120.9562943,14.2164739],[120.9562746,14.216647],[120.9562594,14.216781],[120.9562151,14.2168135],[120.9558812,14.2168005]]]]},"properties":{"highway":"service"}},{"type":"Feature","geometry":{"type":"MultiPolygon","coordinates":[[[[120.91989,14.2581409],[120.9198968,14.2581243],[120.9199111,14.2581107],[120.9199265,14.2581052],[120.9199677,14.2581013],[120.9206289,14.2581117],[120.9206413,14.2581152],[120.9206532,14.2581222],[120.9206634,14.2581304],[120.920671,14.2581382],[120.9206732,14.2581552],[120.9206709,14.2582943],[120.9206658,14.2584217],[120.9206577,14.2584326],[120.920649,14.2584386],[120.9206364,14.2584405],[120.9206086,14.258442],[120.920179,14.2584431],[120.9201052,14.2584327],[120.9200375,14.2584165],[120.9200093,14.258408],[120.9199812,14.2583872],[120.9199523,14.2583567],[120.919898,14.2582819],[120.91989,14.2581409]]]]},"properties":{"highway":"service"}},{"type":"Feature","geometry":{"type":"MultiPolygon","coordinates":[[[[120.9641906,14.3635544],[120.9642285,14.3634672],[120.9649554,14.3637116],[120.9649408,14.3637539],[120.9649262,14.3637963],[120.9641906,14.3635544]]]]},"properties":{"highway":"residential","surface":"concrete"}},{"type":"Feature","geometry":{"type":"MultiPolygon","coordinates":[[[[120.9706601,14.3643486],[120.9706911,14.3641663],[120.9707567,14.3640572],[120.9708425,14.3639737],[120.970879,14.3641276],[120.9708774,14.3642258],[120.9708856,14.3645529],[120.9706639,14.3645588],[120.9706601,14.3643486]]]]},"properties":{"fixme":"name","highway":"residential","noname":"yes","smoothness":"excellent","surface":"concrete"}},{"type":"Feature","geometry":{"type":"MultiPolygon","coordinates":[[[[120.9600037,14.3534592],[120.9600219,14.3534222],[120.9600594,14.3533988],[120.960103,14.3533962],[120.9601378,14.3533995],[120.9601707,14.3534177],[120.9601821,14.3534521],[120.9601834,14.3534885],[120.9601613,14.35353],[120.9601305,14.3535586],[120.9600822,14.3535638],[120.9600326,14.3535482],[120.9600091,14.3535067],[120.9600037,14.3534592]]]]},"properties":{"access":"private","highway":"service"}},{"type":"Feature","geometry":{"type":"MultiPolygon","coordinates":[[[[120.9698226,14.3542305],[120.9700021,14.3543067],[120.9700332,14.3544123],[120.9699766,14.3544314],[120.9699217,14.35445],[120.9698226,14.3542305]]]]},"properties":{"highway":"residential"}},{"type":"Feature","geometry":{"type":"MultiPolygon","coordinates":[[[[120.924024,14.3081616],[120.9240608,14.3080303],[120.9241411,14.3079185],[120.9242554,14.3078394],[120.9243906,14.3078022],[120.9245309,14.3078113],[120.924578,14.3078311],[120.9246598,14.3078655],[120.9247624,14.3079586],[120.9248267,14.3080796],[120.9248453,14.3082124],[120.9248176,14.3083436],[120.9247465,14.3084586],[120.9246635,14.3085301],[120.9245638,14.3085776],[120.9244547,14.3085974],[120.9243151,14.3085809],[120.9241895,14.30852],[120.9240923,14.3084217],[120.9240349,14.3082974],[120.924024,14.3081616]]]]},"properties":{"highway":"unclassified","junction":"circular","lanes":"2","oneway":"yes","smoothness":"excellent","surface":"concrete"}},{"type":"Feature","geometry":{"type":"MultiPolygon","coordinates":[[[[120.9205164,14.3217088],[120.920524,14.3216838],[120.9205396,14.3216626],[120.9205614,14.3216476],[120.9205872,14.3216403],[120.920614,14.3216415],[120.9206383,14.3216509],[120.9206583,14.3216672],[120.9206718,14.3216889],[120.9206775,14.3217137],[120.9206747,14.3217389],[120.9206637,14.321762],[120.9206452,14.3217808],[120.9206214,14.3217927],[120.9205948,14.3217964],[120.9205685,14.3217915],[120.9205452,14.3217785],[120.9205277,14.3217589],[120.9205177,14.3217347],[120.9205164,14.3217088]]]]},"properties":{"highway":"residential","junction":"roundabout","lanes":"1","maxspeed":"30","oneway":"yes","surface":"concrete"}},{"type":"Feature","geometry":{"type":"MultiPolygon","coordinates":[[[[120.9239872,14.2348421],[120.9239896,14.2348139],[120.9239995,14.2347872],[120.9240161,14.2347639],[120.9240385,14.2347456],[120.9240649,14.2347335],[120.9240875,14.2347289],[120.9241105,14.2347289],[120.9241331,14.2347335],[120.9241611,14.2347465],[120.9241843,14.2347665],[120.924201,14.234792],[120.9242098,14.2348209],[120.9242101,14.234851],[120.9242018,14.23488],[120.9241856,14.2349057],[120.9241628,14.2349262],[120.924135,14.2349397],[120.9241045,14.2349453],[120.9240754,14.234943],[120.9240478,14.2349334],[120.9240238,14.2349173],[120.9240049,14.2348957],[120.9239924,14.23487],[120.9239872,14.2348421]]]]},"properties":{"highway":"residential","junction":"roundabout","source":"Schadow1 Expeditions","survey:date":"2022-07-02","width":"10"}},{"type":"Feature","geometry":{"type":"MultiPolygon","coordinates":[[[[120.9270168,14.3044763],[120.9270528,14.3043571],[120.927125,14.3042545],[120.9272263,14.3041784],[120.9273469,14.3041364],[120.927475,14.3041325],[120.9275984,14.3041672],[120.9277047,14.3042373],[120.9277834,14.3043357],[120.9278268,14.304453],[120.9278306,14.3045775],[120.9277945,14.304697],[120.927722,14.3047998],[120.9276202,14.3048759],[120.9274991,14.3049176],[120.9273706,14.304921],[120.9272477,14.3048859],[120.9272163,14.3048651],[120.9271419,14.3048157],[120.9270637,14.3047174],[120.9270206,14.3046004],[120.9270168,14.3044763]]]]},"properties":{"highway":"unclassified","junction":"circular","lanes":"2","oneway":"yes","smoothness":"excellent","surface":"concrete"}},{"type":"Feature","geometry":{"type":"MultiPolygon","coordinates":[[[[120.9241659,14.2904456],[120.9241789,14.2903956],[120.9242316,14.2903602],[120.9242952,14.2903718],[120.9243293,14.2904164],[120.9244242,14.2909326],[120.9243706,14.2910947],[120.9242585,14.2909641],[120.9241659,14.2904456]]]]},"properties":{"highway":"service","maxspeed":"20","oneway":"yes"}},{"type":"Feature","geometry":{"type":"MultiPolygon","coordinates":[[[[120.9353158,14.2793489],[120.9355261,14.2788494],[120.9355935,14.2786893],[120.9358534,14.2780727],[120.9362399,14.2782257],[120.9358931,14.2790489],[120.9357023,14.2795018],[120.9353158,14.2793489]]]]},"properties":{"highway":"service"}},{"type":"Feature","geometry":{"type":"MultiPolygon","coordinates":[[[[120.9223113,14.2624178],[120.9223146,14.2619239],[120.9223375,14.2618966],[120.9229437,14.2619096],[120.9229692,14.2619239],[120.9229849,14.2619487],[120.9229839,14.2624198],[120.9223113,14.2624178]]]]},"properties":{"highway":"service"}},{"type":"Feature","geometry":{"type":"MultiPolygon","coordinates":[[[[120.9461492,14.3181639],[120.94615,14.3181412],[120.9461598,14.3181206],[120.9461772,14.3181054],[120.9461865,14.3181012],[120.9462067,14.3180976],[120.946227,14.318101],[120.9462448,14.318111],[120.9462579,14.3181264],[120.946265,14.3181468],[120.9462637,14.3181682],[120.9462543,14.3181877],[120.9462381,14.3182024],[120.9462174,14.3182102],[120.9461945,14.3182098],[120.9461736,14.318201],[120.9461577,14.3181851],[120.9461492,14.3181639]]]]},"properties":{"highway":"residential","junction":"roundabout","lanes":"1","maxspeed":"20","oneway":"yes","oneway:bicycle":"yes","parking:both:restriction":"no_stopping","smoothness":"excellent","surface":"concrete"}},{"type":"Feature","geometry":{"type":"MultiPolygon","coordinates":[[[[120.9673295,14.2771626],[120.967642,14.2761682],[120.9676634,14.2761546],[120.9676869,14.2761559],[120.9677425,14.2761812],[120.9678814,14.2762411],[120.9678968,14.276258],[120.9678981,14.2762892],[120.9675806,14.2773029],[120.9675599,14.2773147],[120.9675384,14.2773143],[120.9674455,14.2772679],[120.9673482,14.2772192],[120.9673335,14.2771977],[120.9673295,14.2771626]]]]},"properties":{"bicycle":"dismount","footway":"sidewalk","highway":"footway","smoothness":"good","surface":"concrete","tactile_paving":"no","wheelchair":"yes","width":"1.2"}},{"type":"Feature","geometry":{"type":"MultiPolygon","coordinates":[[[[120.9676474,14.2773588],[120.9676487,14.2773237],[120.9679592,14.2763184],[120.9679806,14.2763048],[120.9680041,14.2763061],[120.9681972,14.2764114],[120.9682153,14.2764374],[120.968216,14.2764673],[120.9679044,14.2774744],[120.9678837,14.2774862],[120.9678622,14.2774858],[120.9677536,14.2774323],[120.9676641,14.2773881],[120.9676474,14.2773588]]]]},"properties":{"bicycle":"dismount","footway":"sidewalk","highway":"footway","smoothness":"good","surface":"concrete","tactile_paving":"no","wheelchair":"yes","width":"1.2"}},{"type":"Feature","geometry":{"type":"MultiPolygon","coordinates":[[[[120.9679776,14.277521],[120.9679789,14.2774859],[120.9682867,14.2765039],[120.9683081,14.2764903],[120.9683316,14.2764916],[120.9684262,14.276559],[120.9684993,14.2766112],[120.9685174,14.2766372],[120.9685181,14.2766671],[120.9682159,14.2776392],[120.9681952,14.277651],[120.9681737,14.2776506],[120.96807,14.2775926],[120.9679943,14.2775503],[120.9679776,14.277521]]]]},"properties":{"bicycle":"dismount","footway":"sidewalk","highway":"footway","smoothness":"good","surface":"concrete","tactile_paving":"no","wheelchair":"yes","width":"1.2"}},{"type":"Feature","geometry":{"type":"MultiPolygon","coordinates":[[[[120.9411682,14.3403895],[120.9411719,14.340367],[120.941185,14.3403447],[120.9412057,14.3403287],[120.941231,14.3403211],[120.9412574,14.3403232],[120.9412812,14.3403346],[120.9412989,14.3403537],[120.9413081,14.3403778],[120.9413074,14.3404034],[120.9412993,14.3404234],[120.9412852,14.34044],[120.9412665,14.3404515],[120.941245,14.3404568],[120.9412229,14.3404554],[120.9412013,14.3404467],[120.9411837,14.3404316],[120.9411723,14.3404118],[120.9411682,14.3403895]]]]},"properties":{"highway":"footway"}},{"type":"Feature","geometry":{"type":"MultiPolygon","coordinates":[[[[120.9668784,14.2750313],[120.966883,14.275006],[120.9669088,14.2749238],[120.9673142,14.27363],[120.9673305,14.2736124],[120.9673539,14.2736102],[120.967559,14.2736708],[120.967568,14.2736812],[120.9675711,14.2736992],[120.967169,14.2750294],[120.9671437,14.2751134],[120.9671246,14.2751295],[120.9670991,14.2751323],[120.9670113,14.2751056],[120.9668999,14.2750718],[120.9668839,14.2750522],[120.9668784,14.2750313]]]]},"properties":{"footway":"sidewalk","highway":"footway","smoothness":"intermediate","surface":"concrete","tactile_paving":"no","wheelchair":"yes","width":"1.2"}},{"type":"Feature","geometry":{"type":"MultiPolygon","coordinates":[[[[120.9673423,14.2735063],[120.9673941,14.273339],[120.9674135,14.2733183],[120.9674429,14.2733087],[120.968331,14.2735283],[120.9683514,14.2735478],[120.9683588,14.2735712],[120.9683125,14.2737414],[120.9682937,14.2737571],[120.9682656,14.2737635],[120.9673578,14.273536],[120.9673437,14.2735232],[120.9673423,14.2735063]]]]},"properties":{"footway":"sidewalk","highway":"footway","smoothness":"intermediate","surface":"concrete","tactile_paving":"no","wheelchair":"yes","width":"1.2"}},{"type":"Feature","geometry":{"type":"MultiPolygon","coordinates":[[[[120.9674314,14.2732141],[120.9674792,14.2730466],[120.9674966,14.2730277],[120.9675214,14.2730208],[120.9683149,14.2732116],[120.9684161,14.2732359],[120.9684366,14.2732554],[120.968444,14.2732788],[120.968395,14.2734484],[120.9683776,14.2734615],[120.9683548,14.2734659],[120.967447,14.2732438],[120.9674328,14.2732311],[120.9674314,14.2732141]]]]},"properties":{"footway":"sidewalk","highway":"footway","smoothness":"intermediate","surface":"concrete","tactile_paving":"no","wheelchair":"yes","width":"1.2"}},{"type":"Feature","geometry":{"type":"MultiPolygon","coordinates":[[[[120.9663971,14.2729581],[120.9664489,14.2727909],[120.9664663,14.272772],[120.9664911,14.2727651],[120.9669572,14.2728802],[120.9673159,14.2729687],[120.9673835,14.2729854],[120.9674063,14.2730049],[120.967415,14.2730303],[120.9673687,14.273193],[120.9673523,14.2732082],[120.9673315,14.2732121],[120.9672409,14.27319],[120.9664127,14.2729879],[120.9663985,14.2729751],[120.9663971,14.2729581]]]]},"properties":{"footway":"sidewalk","highway":"footway","smoothness":"intermediate","surface":"concrete","tactile_paving":"no","wheelchair":"yes","width":"1.2"}},{"type":"Feature","geometry":{"type":"MultiPolygon","coordinates":[[[[120.9675545,14.2752335],[120.9675824,14.2751424],[120.9679963,14.2737913],[120.9680106,14.2737756],[120.9680333,14.2737721],[120.9681395,14.273802],[120.9682428,14.273831],[120.9682561,14.2738421],[120.9682606,14.2738607],[120.9678494,14.2752097],[120.9678197,14.2753071],[120.967798,14.2753277],[120.9677692,14.2753322],[120.9675734,14.2752717],[120.9675573,14.275257],[120.9675545,14.2752335]]]]},"properties":{"footway":"sidewalk","highway":"footway","smoothness":"intermediate","surface":"concrete","tactile_paving":"no","wheelchair":"yes","width":"1.2"}},{"type":"Feature","geometry":{"type":"MultiPolygon","coordinates":[[[[120.9672103,14.275152],[120.9672108,14.2751292],[120.9672326,14.2750496],[120.9676432,14.273722],[120.9676616,14.2737018],[120.967691,14.2736931],[120.9678924,14.2737514],[120.9679058,14.2737625],[120.9679102,14.2737811],[120.9675049,14.2751188],[120.9674761,14.2752142],[120.9674583,14.2752319],[120.9674323,14.2752361],[120.9673332,14.2752056],[120.9672264,14.2751726],[120.9672103,14.275152]]]]},"properties":{"footway":"sidewalk","highway":"footway","smoothness":"intermediate","surface":"concrete","tactile_paving":"no","wheelchair":"yes","width":"1.2"}},{"type":"Feature","geometry":{"type":"MultiPolygon","coordinates":[[[[120.9632864,14.2354607],[120.9632877,14.2354312],[120.9632974,14.2354031],[120.9633147,14.2353788],[120.9633384,14.2353601],[120.9633664,14.2353485],[120.9633967,14.2353449],[120.9634268,14.2353496],[120.9634544,14.2353623],[120.9634773,14.2353818],[120.9634833,14.2353892],[120.9634973,14.2354155],[120.9635032,14.2354445],[120.9635006,14.235474],[120.9634896,14.2355016],[120.9634712,14.2355251],[120.9634467,14.2355428],[120.9634181,14.2355532],[120.9633877,14.2355554],[120.9633578,14.2355494],[120.9633308,14.2355356],[120.9633089,14.2355151],[120.9632937,14.2354894],[120.9632864,14.2354607]]]]},"properties":{"bicycle":"dismount","highway":"footway","tactile_paving":"no","wheelchair":"yes"}},{"type":"Feature","geometry":{"type":"MultiPolygon","coordinates":[[[[120.9684849,14.2734621],[120.968532,14.2732916],[120.9685454,14.27328],[120.9685661,14.2732723],[120.9687389,14.2733147],[120.969617,14.2735298],[120.969716,14.2735618],[120.9697951,14.2735982],[120.9698739,14.2736459],[120.9699641,14.2737155],[120.9699721,14.2737343],[120.9699681,14.2737544],[120.9698541,14.2738785],[120.9698313,14.2738903],[120.9698105,14.2738864],[120.9695638,14.2737576],[120.9685031,14.2735003],[120.9684863,14.2734855],[120.9684849,14.2734621]]]]},"properties":{"footway":"sidewalk","highway":"footway","smoothness":"intermediate","surface":"concrete","tactile_paving":"no","wheelchair":"yes","width":"1.2"}},{"type":"Feature","geometry":{"type":"MultiPolygon","coordinates":[[[[120.9683917,14.2737588],[120.9684388,14.2735882],[120.9684522,14.2735766],[120.9684729,14.273569],[120.9695707,14.2738512],[120.9696694,14.273888],[120.9697327,14.273929],[120.9697408,14.2739478],[120.9697368,14.2739679],[120.9696201,14.2740946],[120.9695973,14.2741064],[120.9695765,14.2741025],[120.9695054,14.2740738],[120.9684099,14.2737969],[120.9683931,14.2737822],[120.9683917,14.2737588]]]]},"properties":{"footway":"sidewalk","highway":"footway","smoothness":"intermediate","surface":"concrete","tactile_paving":"no","wheelchair":"yes","width":"1.2"}},{"type":"Feature","geometry":{"type":"MultiPolygon","coordinates":[[[[120.9678965,14.2753446],[120.9679308,14.275234],[120.9679822,14.2750684],[120.9683483,14.2738888],[120.9683633,14.2738757],[120.968388,14.2738702],[120.9685995,14.2739304],[120.9686108,14.2739422],[120.9686146,14.2739621],[120.9681623,14.2754306],[120.9681406,14.2754512],[120.9681118,14.2754557],[120.9680127,14.2754199],[120.9679154,14.2753828],[120.9678993,14.2753681],[120.9678965,14.2753446]]]]},"properties":{"footway":"sidewalk","highway":"footway","smoothness":"intermediate","surface":"concrete","tactile_paving":"no","wheelchair":"yes","width":"1.2"}},{"type":"Feature","geometry":{"type":"MultiPolygon","coordinates":[[[[120.9680805,14.2782998],[120.9682334,14.2778144],[120.9682569,14.2777949],[120.9682877,14.2777929],[120.9684574,14.2778807],[120.9684634,14.2779132],[120.9683434,14.2782966],[120.9683239,14.2783213],[120.9681261,14.2783537],[120.9680886,14.2783375],[120.9680805,14.2782998]]]]},"properties":{"bicycle":"dismount","footway":"sidewalk","highway":"footway","smoothness":"good","surface":"concrete","tactile_paving":"no","wheelchair":"yes","width":"1.2"}},{"type":"Feature","geometry":{"type":"MultiPolygon","coordinates":[[[[120.9687565,14.2782095],[120.9687913,14.2781127],[120.9688336,14.2780041],[120.9689227,14.2779963],[120.9690233,14.2779846],[120.9691226,14.2779632],[120.9692051,14.2779388],[120.9692892,14.2778956],[120.9695232,14.2777491],[120.9695433,14.2777487],[120.9695642,14.2777563],[120.9696962,14.2780811],[120.9696909,14.2781136],[120.9696657,14.2781282],[120.9688047,14.2782602],[120.9687712,14.2782491],[120.9687565,14.2782095]]]]},"properties":{"bicycle":"dismount","footway":"sidewalk","highway":"footway","smoothness":"good","surface":"concrete","tactile_paving":"no","wheelchair":"yes","width":"1.2"}},{"type":"Feature","geometry":{"type":"MultiPolygon","coordinates":[[[[120.9684134,14.278262],[120.9684562,14.2781337],[120.9685187,14.2779462],[120.9685325,14.2779294],[120.9685573,14.2779261],[120.9687323,14.2779781],[120.9687471,14.2780093],[120.9687484,14.278036],[120.9686787,14.2782524],[120.9686478,14.2782738],[120.968444,14.278307],[120.9684165,14.2782946],[120.9684134,14.278262]]]]},"properties":{"bicycle":"dismount","footway":"sidewalk","highway":"footway","smoothness":"good","surface":"concrete","tactile_paving":"no","wheelchair":"yes","width":"1.2"}},{"type":"Feature","geometry":{"type":"MultiPolygon","coordinates":[[[[120.989384,14.3340843],[120.9893881,14.334043],[120.9894015,14.3340036],[120.9894237,14.3339681],[120.9894534,14.3339383],[120.9894892,14.3339156],[120.9895294,14.3339013],[120.9895718,14.3338959],[120.9896145,14.3338998],[120.9896551,14.3339129],[120.9896917,14.3339343],[120.9897225,14.3339631],[120.9897459,14.3339979],[120.9897607,14.3340368],[120.9897662,14.3340779],[120.9897622,14.3341192],[120.9897487,14.3341586],[120.9897266,14.3341941],[120.9896968,14.3342239],[120.989661,14.3342465],[120.9896208,14.3342609],[120.9895784,14.3342662],[120.9895358,14.3342623],[120.9894951,14.3342493],[120.9894585,14.3342278],[120.9894277,14.334199],[120.9894043,14.3341643],[120.9893895,14.3341254],[120.989384,14.3340843]]]]},"properties":{"highway":"footway","smoothness":"good","surface":"concrete"}},{"type":"Feature","geometry":{"type":"MultiPolygon","coordinates":[[[[120.9266571,14.228635],[120.926659,14.2286103],[120.9266625,14.2286031],[120.9266697,14.2285879],[120.926688,14.2285706],[120.9267087,14.2285614],[120.9267314,14.228559],[120.9267536,14.2285638],[120.9267732,14.2285751],[120.926788,14.2285918],[120.9267966,14.2286122],[120.9267978,14.228637],[120.9267922,14.2286535],[120.9267898,14.2286605],[120.9267738,14.2286798],[120.9267517,14.2286923],[120.9267265,14.2286964],[120.9267014,14.2286915],[120.9266798,14.2286784],[120.9266643,14.2286587],[120.9266571,14.228635]]]]},"properties":{"highway":"footway","source":"Schadow1 Expeditions","survey:date":"2022-07-02"}},{"type":"Feature","geometry":{"type":"MultiPolygon","coordinates":[[[[120.9269615,14.2288014],[120.9269656,14.2287597],[120.9269762,14.2287316],[120.9269805,14.2287205],[120.9270052,14.2286862],[120.927038,14.228659],[120.9270748,14.2286416],[120.9271148,14.2286333],[120.9271558,14.2286346],[120.9271951,14.2286454],[120.9272307,14.2286651],[120.9272603,14.2286925],[120.9272822,14.228726],[120.9272951,14.2287636],[120.9272983,14.2288032],[120.9272915,14.2288423],[120.9272772,14.2288753],[120.9272559,14.2289045],[120.9272285,14.2289285],[120.9271963,14.2289461],[120.927161,14.2289565],[120.9271242,14.2289593],[120.9270877,14.2289541],[120.9270476,14.2289385],[120.9270129,14.2289136],[120.926986,14.2288809],[120.9269684,14.2288427],[120.9269615,14.2288014]]]]},"properties":{"highway":"footway","source":"Schadow1 Expeditions","survey:date":"2022-07-02"}},{"type":"Feature","geometry":{"type":"MultiPolygon","coordinates":[[[[120.9245155,14.2323674],[120.9245208,14.2323584],[120.9245305,14.2323541],[120.924541,14.232356],[120.9245483,14.2323635],[120.9245497,14.232374],[120.9245444,14.2323832],[120.9245344,14.2323876],[120.9245238,14.2323854],[120.9245167,14.2323776],[120.9245155,14.2323674]]]]},"properties":{"highway":"footway","smoothness":"excellent","source":"Schadow1 Expeditions","surface":"concrete","survey:date":"2022-07-02"}},{"type":"Feature","geometry":{"type":"MultiPolygon","coordinates":[[[[120.9244521,14.2324999],[120.924456,14.232489],[120.9244657,14.2324823],[120.9244777,14.2324824],[120.924486,14.2324875],[120.9244906,14.232496],[120.9244904,14.2325055],[120.9244854,14.2325138],[120.9244769,14.2325186],[120.9244649,14.2325182],[120.9244555,14.2325111],[120.9244521,14.2324999]]]]},"properties":{"highway":"footway","smoothness":"excellent","source":"Schadow1 Expeditions","surface":"concrete","survey:date":"2022-07-02"}},{"type":"Feature","geometry":{"type":"MultiPolygon","coordinates":[[[[120.9367782,14.3369028],[120.9368217,14.3367559],[120.9372079,14.3368634],[120.9370713,14.3369304],[120.9370487,14.336942],[120.937029,14.3369437],[120.9367782,14.3369028]]]]},"properties":{"highway":"service","lanes":"1","maxspeed":"15","oneway":"yes","oneway:bicycle":"yes","service":"parking_aisle","smoothness":"intermediate","surface":"concrete"}},{"type":"Feature","geometry":{"type":"MultiPolygon","coordinates":[[[[120.9533825,14.3320932],[120.9533937,14.3320374],[120.9534067,14.3319956],[120.9534532,14.3319081],[120.9535201,14.331834],[120.9536033,14.3317775],[120.9536981,14.3317419],[120.9537988,14.3317294],[120.9538998,14.3317406],[120.953995,14.3317748],[120.9540791,14.3318302],[120.954147,14.3319034],[120.9541948,14.3319903],[120.9542198,14.3320857],[120.9542205,14.3321841],[120.9541969,14.3322799],[120.9541503,14.3323674],[120.9540835,14.3324415],[120.9540003,14.332498],[120.9539538,14.3325154],[120.9539055,14.3325335],[120.9538047,14.3325461],[120.9537821,14.3325436],[120.9537038,14.3325349],[120.9536359,14.3325105],[120.9536085,14.3325006],[120.9535245,14.3324453],[120.9535079,14.3324274],[120.9534566,14.3323721],[120.9534157,14.3322979],[120.9534087,14.3322852],[120.9533828,14.3321886],[120.9533837,14.3321437],[120.9533825,14.3320932]]]]},"properties":{"highway":"service","junction":"roundabout","lanes":"1","oneway":"yes","oneway:bicycle":"yes","smoothness":"excellent","surface":"concrete"}},{"type":"Feature","geometry":{"type":"MultiPolygon","coordinates":[[[[120.9443712,14.3191843],[120.9444717,14.3188292],[120.9444888,14.3188191],[120.9445086,14.3188191],[120.9450049,14.3189507],[120.9449713,14.3192197],[120.9449592,14.3192469],[120.9449404,14.3192664],[120.9449217,14.3192781],[120.9448989,14.3192794],[120.9443712,14.3191843]]]]},"properties":{"fixme":"name","highway":"residential","maxspeed":"20","noname":"yes"}},{"type":"Feature","geometry":{"type":"MultiPolygon","coordinates":[[[[120.9404589,14.3180853],[120.9404806,14.3180144],[120.9405675,14.317899],[120.9407703,14.3176395],[120.9411499,14.3172016],[120.9413035,14.3170412],[120.9414633,14.3168577],[120.9416349,14.3168685],[120.9417405,14.3168252],[120.9418519,14.3167896],[120.9419435,14.3167713],[120.9419753,14.3167871],[120.9420013,14.3168236],[120.942083,14.3170142],[120.942096,14.3170704],[120.942076,14.3171337],[120.9415519,14.3178506],[120.941246,14.3182478],[120.9409314,14.318612],[120.9408991,14.3186494],[120.9408519,14.3186167],[120.9408098,14.3185972],[120.940728,14.3185985],[120.9406925,14.3185848],[120.9406637,14.3185504],[120.9405664,14.3183663],[120.9404705,14.3181785],[120.9404589,14.3180853]]]]},"properties":{"highway":"service"}},{"type":"Feature","geometry":{"type":"MultiPolygon","coordinates":[[[[121.0079187,14.259674],[121.0081963,14.2595902],[121.0082587,14.2598248],[121.0079878,14.2599076],[121.0079187,14.259674]]]]},"properties":{"highway":"service"}},{"type":"Feature","geometry":{"type":"MultiPolygon","coordinates":[[[[121.0118818,14.294591],[121.0119089,14.2945498],[121.0119465,14.2945301],[121.0120211,14.2945092],[121.0123802,14.294494],[121.0124499,14.294533],[121.0132869,14.294513],[121.0133399,14.2945301],[121.0133536,14.29457],[121.0133477,14.2956065],[121.0133516,14.2956331],[121.0133085,14.2956806],[121.0132319,14.295711],[121.0120034,14.295711],[121.0119818,14.2956996],[121.0119485,14.2956502],[121.0119387,14.2955798],[121.0118818,14.294591]]]]},"properties":{"access":"private","highway":"service"}},{"type":"Feature","geometry":{"type":"MultiPolygon","coordinates":[[[[120.9508907,14.3341392],[120.9509406,14.334008],[120.9510666,14.3341493],[120.9508907,14.3341392]]]]},"properties":{"highway":"service","oneway":"yes","oneway:bicycle":"yes","smoothness":"excellent","surface":"concrete"}},{"type":"Feature","geometry":{"type":"MultiPolygon","coordinates":[[[[120.9642912,14.305665],[120.964321,14.3056287],[120.9643517,14.3055913],[120.9643877,14.305619],[120.9644312,14.3056525],[120.9644008,14.3056896],[120.9643707,14.3057263],[120.9643276,14.305693],[120.9642912,14.305665]]]]},"properties":{"crossing":"unmarked","crossing:markings":"no","footway":"crossing","highway":"footway","smoothness":"excellent","surface":"concrete","tactile_paving":"no","wheelchair":"yes","width":"1.2"}},{"type":"Feature","geometry":{"type":"MultiPolygon","coordinates":[[[[120.9828736,14.363934],[120.9828744,14.3639126],[120.9828809,14.3638922],[120.9828927,14.3638742],[120.9829089,14.3638599],[120.9829308,14.3638494],[120.982955,14.3638454],[120.9829793,14.3638484],[120.9830016,14.3638582],[120.9830216,14.3638755],[120.9830349,14.3638983],[120.98304,14.3639239],[120.9830365,14.3639495],[120.9830248,14.3639728],[120.9830062,14.3639912],[120.9829825,14.3640031],[120.9829561,14.3640071],[120.982932,14.3640035],[120.9829099,14.3639932],[120.9828959,14.3639817],[120.9828849,14.3639675],[120.9828773,14.3639513],[120.9828736,14.363934]]]]},"properties":{"access":"private","highway":"residential","junction":"circular","lanes":"1","maxspeed":"20","maxspeed:advisory":"20","name":"Mango Street","surface":"paved"}},{"type":"Feature","geometry":{"type":"MultiPolygon","coordinates":[[[[120.9451729,14.2868941],[120.9451765,14.2868731],[120.9451877,14.2868526],[120.9452053,14.2868368],[120.9452272,14.2868275],[120.9452511,14.2868257],[120.9452773,14.2868331],[120.9452988,14.2868495],[120.9453123,14.2868724],[120.9453161,14.2868986],[120.9453114,14.2869198],[120.9453003,14.2869385],[120.9452838,14.286953],[120.9452634,14.2869619],[120.9452413,14.2869642],[120.9452198,14.28696],[120.9452006,14.2869497],[120.9451855,14.2869343],[120.945176,14.2869151],[120.9451729,14.2868941]]]]},"properties":{"access":"private","highway":"residential","junction":"roundabout","lanes":"2","oneway":"yes","smoothness":"good","surface":"concrete"}},{"type":"Feature","geometry":{"type":"MultiPolygon","coordinates":[[[[120.9623353,14.3214822],[120.9623567,14.3212773],[120.9632398,14.321364],[120.9632184,14.3215688],[120.9623353,14.3214822]]]]},"properties":{"alt_name":"Study Shed","area":"yes","highway":"pedestrian","name":"JFH Kubo"}},{"type":"Feature","geometry":{"type":"MultiPolygon","coordinates":[[[[120.9628683,14.3056739],[120.9628717,14.305387],[120.9628807,14.3053669],[120.9628985,14.3053541],[120.9630842,14.3053579],[120.9631044,14.3053714],[120.9631124,14.3053906],[120.9631024,14.305668],[120.963103,14.3058272],[120.963153,14.3065436],[120.9631509,14.3065617],[120.9631321,14.3065728],[120.96297,14.3066202],[120.9629441,14.306618],[120.962928,14.3066008],[120.9628764,14.3058461],[120.9628683,14.3056739]]]]},"properties":{"footway":"sidewalk","highway":"footway","smoothness":"excellent","surface":"concrete","tactile_paving":"no","wheelchair":"yes","width":"1.2"}},{"type":"Feature","geometry":{"type":"MultiPolygon","coordinates":[[[[120.9625746,14.3058025],[120.9625821,14.3053762],[120.9625949,14.3053574],[120.9626155,14.3053471],[120.9627798,14.3053517],[120.9628028,14.3053644],[120.9628107,14.3053831],[120.9628046,14.3056765],[120.962811,14.3058456],[120.96286,14.3066235],[120.9628519,14.3066397],[120.9628324,14.3066462],[120.9626766,14.3066589],[120.9626466,14.3066507],[120.9626373,14.3066289],[120.9625746,14.3058025]]]]},"properties":{"footway":"sidewalk","highway":"footway","smoothness":"excellent","surface":"concrete","tactile_paving":"no","wheelchair":"yes","width":"1.2"}},{"type":"Feature","geometry":{"type":"MultiPolygon","coordinates":[[[[120.9507329,14.3170967],[120.9507344,14.31708],[120.9507433,14.3170624],[120.9507585,14.3170494],[120.9507776,14.3170431],[120.9507969,14.3170441],[120.9508144,14.3170519],[120.9508277,14.3170654],[120.9508351,14.3170827],[120.9508353,14.3171013],[120.9508285,14.3171188],[120.9508156,14.3171327],[120.9507983,14.317141],[120.950779,14.3171425],[120.9507606,14.3171371],[120.9507468,14.317127],[120.9507372,14.317113],[120.9507329,14.3170967]]]]},"properties":{"highway":"service","junction":"roundabout","oneway":"yes","oneway:bicycle":"yes"}},{"type":"Feature","geometry":{"type":"MultiPolygon","coordinates":[[[[120.9276277,14.3030216],[120.927632,14.3030056],[120.9276415,14.3029918],[120.927655,14.3029817],[120.9276713,14.3029765],[120.9276884,14.3029768],[120.9277045,14.3029824],[120.9277178,14.3029928],[120.9277269,14.3030068],[120.9277308,14.303023],[120.927729,14.3030393],[120.9277219,14.3030542],[120.9277103,14.3030661],[120.9276952,14.3030736],[120.9276785,14.3030761],[120.9276618,14.3030732],[120.927647,14.3030653],[120.9276357,14.3030531],[120.927629,14.303038],[120.9276277,14.3030216]]]]},"properties":{"highway":"service","service":"driveway"}},{"type":"Feature","geometry":{"type":"MultiPolygon","coordinates":[[[[120.9899547,14.2603635],[120.9899578,14.2603528],[120.9899642,14.2603437],[120.9899732,14.2603368],[120.989984,14.2603331],[120.9899954,14.2603328],[120.9900074,14.2603364],[120.9900174,14.2603437],[120.9900242,14.2603539],[120.9900271,14.2603658],[120.9900256,14.2603778],[120.9900199,14.2603887],[120.9900108,14.2603971],[120.9899993,14.2604019],[120.9899868,14.2604027],[120.9899813,14.2604012],[120.9899758,14.2603998],[120.9899662,14.2603936],[120.9899591,14.260385],[120.9899552,14.2603746],[120.9899547,14.2603635]]]]},"properties":{"highway":"residential"}},{"type":"Feature","geometry":{"type":"MultiPolygon","coordinates":[[[[120.9436431,14.2842],[120.9436481,14.2841745],[120.943661,14.2841518],[120.9436805,14.2841341],[120.9437047,14.284123],[120.9437312,14.2841198],[120.9437575,14.2841246],[120.943781,14.2841371],[120.9437993,14.284156],[120.9438107,14.2841795],[120.943814,14.2842052],[120.943809,14.2842307],[120.9437961,14.2842534],[120.9437766,14.2842711],[120.9437524,14.2842822],[120.9437259,14.2842854],[120.9436996,14.2842806],[120.9436761,14.2842681],[120.9436578,14.2842492],[120.9436464,14.2842257],[120.9436431,14.2842]]]]},"properties":{"highway":"residential","junction":"roundabout","lanes":"1","oneway":"yes","oneway:bicycle":"yes","smoothness":"excellent","surface":"concrete"}},{"type":"Feature","geometry":{"type":"MultiPolygon","coordinates":[[[[120.9773802,14.2597925],[120.9773819,14.2597778],[120.9773884,14.2597643],[120.977399,14.2597534],[120.9774125,14.2597464],[120.9774277,14.259744],[120.977442,14.2597461],[120.977455,14.2597522],[120.9774655,14.2597618],[120.9774725,14.2597741],[120.9774754,14.2597878],[120.977474,14.2598017],[120.9774683,14.2598146],[120.9774588,14.2598252],[120.9774466,14.2598326],[120.9774318,14.2598362],[120.9774172,14.2598352],[120.977403,14.2598296],[120.9773914,14.2598199],[120.9773835,14.2598071],[120.9773802,14.2597925]]]]},"properties":{"bicycle":"dismount","highway":"footway","oneway":"yes","oneway:bicycle":"yes","oneway:foot":"yes","surface":"paved"}},{"type":"Feature","geometry":{"type":"MultiPolygon","coordinates":[[[[120.9509422,14.3336046],[120.9509539,14.3328411],[120.9509549,14.3327714],[120.9511271,14.3327739],[120.9511144,14.333607],[120.9509422,14.3336046]]]]},"properties":{"highway":"footway"}},{"type":"Feature","geometry":{"type":"MultiPolygon","coordinates":[[[[120.9459854,14.3324891],[120.945993,14.3324601],[120.9460096,14.3324349],[120.9460336,14.332416],[120.9460624,14.3324053],[120.9460933,14.332404],[120.946123,14.332412],[120.9461486,14.3324287],[120.9461665,14.3324503],[120.946177,14.332476],[120.9461794,14.3325036],[120.946173,14.3325313],[120.9461596,14.3325549],[120.9461367,14.3325758],[120.9461081,14.3325885],[120.9460768,14.3325918],[120.9460461,14.3325852],[120.9460303,14.3325758],[120.9460192,14.3325694],[120.9459991,14.3325466],[120.9459875,14.3325189],[120.9459854,14.3324891]]]]},"properties":{"highway":"service","junction":"roundabout","lanes":"1","oneway":"yes","oneway:bicycle":"yes","sidewalk":"right","smoking":"no","smoothness":"good","surface":"concrete"}},{"type":"Feature","geometry":{"type":"MultiPolygon","coordinates":[[[[121.0117271,14.2900129],[121.0117331,14.2899892],[121.011748,14.2899695],[121.0117696,14.2899568],[121.0117945,14.2899531],[121.011819,14.2899589],[121.0118394,14.2899733],[121.0118524,14.2899942],[121.0118563,14.2900184],[121.0118503,14.2900422],[121.0118353,14.2900619],[121.0118138,14.2900746],[121.0117888,14.2900783],[121.0117643,14.2900724],[121.011744,14.290058],[121.0117309,14.2900371],[121.0117271,14.2900129]]]]},"properties":{"highway":"service","junction":"roundabout","oneway":"yes","oneway:bicycle":"yes","surface":"concrete"}},{"type":"Feature","geometry":{"type":"MultiPolygon","coordinates":[[[[120.9702121,14.2455759],[120.9702197,14.2455355],[120.9702471,14.2455042],[120.970287,14.2454905],[120.9703287,14.2454979],[120.970361,14.2455245],[120.9703752,14.2455631],[120.9703676,14.2456035],[120.9703546,14.2456183],[120.9703401,14.2456348],[120.9703002,14.2456486],[120.9702585,14.2456412],[120.9702263,14.2456146],[120.9702205,14.245599],[120.9702121,14.2455759]]]]},"properties":{"access":"destination","highway":"residential","junction":"circular"}},{"type":"Feature","geometry":{"type":"MultiPolygon","coordinates":[[[[121.0030049,14.2152248],[121.0030237,14.2148465],[121.0030331,14.2147269],[121.0030465,14.2146541],[121.0030773,14.2146034],[121.0031202,14.2145722],[121.0031618,14.2145657],[121.0032637,14.2145904],[121.0033804,14.2146346],[121.0035333,14.2146827],[121.0036647,14.2147425],[121.0037653,14.2147971],[121.0038404,14.2148556],[121.0038941,14.2149115],[121.0039289,14.2150129],[121.0039383,14.2151299],[121.003937,14.2153327],[121.0039625,14.2154679],[121.0039906,14.2155433],[121.0040201,14.2156096],[121.0040268,14.2156928],[121.0040054,14.2157754],[121.0037224,14.2156863],[121.0034032,14.2155784],[121.0032074,14.2154965],[121.0031068,14.2154393],[121.0030438,14.2153795],[121.0030076,14.2153145],[121.0030049,14.2152248]]]]},"properties":{"highway":"service"}},{"type":"Feature","geometry":{"type":"MultiPolygon","coordinates":[[[[121.0083625,14.3539303],[121.0083666,14.3538704],[121.0083895,14.3538146],[121.0084344,14.3537639],[121.0084944,14.353731],[121.0085624,14.3537199],[121.0085961,14.3537258],[121.0086302,14.3537318],[121.0086898,14.3537654],[121.008734,14.3538167],[121.0087403,14.3538337],[121.0087575,14.3538795],[121.0087576,14.3539463],[121.0087341,14.3540091],[121.00869,14.3540605],[121.0086371,14.3540917],[121.0085768,14.3541057],[121.008515,14.354101],[121.0084577,14.3540783],[121.0084242,14.3540509],[121.0084103,14.3540395],[121.0083775,14.3539886],[121.0083625,14.3539303]]]]},"properties":{"highway":"secondary","junction":"roundabout","lanes":"2","name":"Villar City Rotunda","oneway":"yes","surface":"concrete"}},{"type":"Feature","geometry":{"type":"MultiPolygon","coordinates":[[[[120.9222382,14.3370408],[120.9223348,14.3363222],[120.9223603,14.3362989],[120.9225548,14.3363222],[120.9225674,14.336356],[120.9224743,14.3370408],[120.9224675,14.3370979],[120.9225305,14.3372071],[120.9225674,14.3372902],[120.9225641,14.3374397],[120.9225105,14.3380971],[120.9222892,14.3380932],[120.9223281,14.3373292],[120.9222396,14.3371447],[120.9222382,14.3370408]]]]},"properties":{"highway":"residential"}},{"type":"Feature","geometry":{"type":"MultiPolygon","coordinates":[[[[120.922766,14.3378899],[120.9227706,14.3377086],[120.9228035,14.3376826],[120.9228411,14.337667],[120.9234627,14.3376865],[120.9235022,14.3376982],[120.923517,14.337732],[120.9235458,14.3378087],[120.9235619,14.3378619],[120.9235391,14.3379035],[120.922766,14.3378899]]]]},"properties":{"highway":"residential"}},{"type":"Feature","geometry":{"type":"MultiPolygon","coordinates":[[[[120.9213701,14.3385109],[120.9213715,14.338492],[120.9213812,14.3384756],[120.9213973,14.3384649],[120.9214166,14.3384621],[120.9214353,14.3384676],[120.9214497,14.3384804],[120.9214568,14.338498],[120.9214554,14.3385169],[120.9214457,14.3385333],[120.9214296,14.338544],[120.9214103,14.3385469],[120.9213916,14.3385413],[120.9213772,14.3385285],[120.9213701,14.3385109]]]]},"properties":{"highway":"residential"}},{"type":"Feature","geometry":{"type":"MultiPolygon","coordinates":[[[[120.9233299,14.3397044],[120.9233406,14.3394835],[120.9237349,14.3394991],[120.9237322,14.3397096],[120.9233299,14.3397044]]]]},"properties":{"highway":"residential"}},{"type":"Feature","geometry":{"type":"MultiPolygon","coordinates":[[[[120.9525249,14.2109325],[120.9527285,14.2103048],[120.9529184,14.2097691],[120.9531894,14.2098477],[120.9534616,14.2099267],[120.9532729,14.2104595],[120.9530648,14.2110807],[120.9528073,14.21101],[120.9525249,14.2109325]]]]},"properties":{"highway":"construction"}},{"type":"Feature","geometry":{"type":"MultiPolygon","coordinates":[[[[120.9776939,14.3383477],[120.9777122,14.338248],[120.9777616,14.3381589],[120.9778372,14.338089],[120.9779314,14.3380453],[120.978035,14.3380321],[120.9781377,14.3380509],[120.9782293,14.3380996],[120.9783007,14.3381735],[120.9783448,14.3382652],[120.9783548,14.3383682],[120.9783334,14.3384742],[120.9782727,14.3385683],[120.9781826,14.3386369],[120.9780739,14.3386717],[120.9779593,14.3386686],[120.9778527,14.338628],[120.9777668,14.3385546],[120.9777116,14.3384573],[120.9776939,14.3383477]]]]},"properties":{"highway":"construction","oneway":"yes"}},{"type":"Feature","geometry":{"type":"MultiPolygon","coordinates":[[[[120.9788976,14.2733411],[120.9789005,14.2733137],[120.9789128,14.273289],[120.9789329,14.2732697],[120.9789587,14.2732581],[120.9789869,14.2732557],[120.9790143,14.2732627],[120.9790358,14.2732766],[120.9790518,14.2732962],[120.9790608,14.2733197],[120.9790619,14.2733447],[120.9790549,14.2733688],[120.9790405,14.2733896],[120.9790202,14.2734051],[120.978996,14.2734138],[120.9789702,14.2734148],[120.978943,14.2734069],[120.9789202,14.2733906],[120.9789045,14.2733677],[120.9788976,14.2733411]]]]},"properties":{"highway":"residential"}},{"type":"Feature","geometry":{"type":"MultiPolygon","coordinates":[[[[120.9729964,14.2985745],[120.972997,14.2985563],[120.9731586,14.2983399],[120.973174,14.2983386],[120.9731909,14.2983405],[120.9744875,14.299266],[120.9753876,14.2999084],[120.9753976,14.2999325],[120.9753936,14.2999546],[120.9752293,14.3001652],[120.9752098,14.3001671],[120.9751984,14.3001626],[120.9742897,14.2995113],[120.9730044,14.2985901],[120.9729964,14.2985745]]]]},"properties":{"highway":"residential"}},{"type":"Feature","geometry":{"type":"MultiPolygon","coordinates":[[[[120.9678907,14.2458442],[120.9678958,14.2458126],[120.9679194,14.2457801],[120.9679563,14.2457628],[120.9679972,14.2457652],[120.9680335,14.2457886],[120.9680522,14.2458268],[120.9680512,14.2458587],[120.9680371,14.2458877],[120.9680124,14.2459088],[120.967981,14.2459187],[120.9679481,14.2459157],[120.9679192,14.2459004],[120.9678989,14.2458751],[120.9678907,14.2458442]]]]},"properties":{"access":"private","highway":"residential","junction":"circular"}},{"type":"Feature","geometry":{"type":"MultiPolygon","coordinates":[[[[120.9927844,14.2584301],[120.9928045,14.258343],[120.9930064,14.2583044],[120.9930137,14.2583729],[120.9930123,14.2584438],[120.9929875,14.2584769],[120.9929453,14.2584964],[120.9928749,14.258499],[120.9928239,14.2584886],[120.9928031,14.2584659],[120.9927844,14.2584301]]]]},"properties":{"highway":"service"}}]}